Chromosome,StartPosition,EndPosition,RefAllele,AltAllele,GeneSymbol,MutType,Driver,CGC_region,Phylogeny,BranchName,p1_Met1,p1_Met2,p1_Met3,p1_Met4,p1_Met5,p1_Met6,BISharingStatus,cov_Met1,var_Met1,VAF_Met1,cov_Met2,var_Met2,VAF_Met2,cov_Met3,var_Met3,VAF_Met3,cov_Met4,var_Met4,VAF_Met4,cov_Met5,var_Met5,VAF_Met5,cov_Met6,var_Met6,VAF_Met6
19,56404806,56404806,T,C,NLRP13,Intronic,False,,Trunk,Met1__Met2__Met3__Met4__Met5__Met6,1,1,1,1,1,1,Trunk,143,57,0.3986,170,60,0.3529,195,67,0.3436,122,47,0.3852,200,72,0.3600,203,56,0.2759
1,1403857,1403857,C,A,ATAD3C,Substitution,False,,Trunk,Met1__Met2__Met3__Met4__Met5__Met6,1,1,1,1,1,1,Trunk,121,35,0.2893,157,49,0.3121,165,47,0.2848,170,67,0.3941,122,46,0.3770,140,55,0.3929
1,152836222,152836222,T,C,unknown,Intergenic,False,,Trunk,Met1__Met2__Met3__Met4__Met5__Met6,1,1,1,1,1,1,Trunk,174,53,0.3046,146,53,0.3630,178,71,0.3989,133,39,0.2932,131,46,0.3511,144,54,0.3750
7,21276454,21276454,T,C,unknown,Intergenic,False,,Trunk,Met1__Met2__Met3__Met4__Met5__Met6,1,1,1,1,1,1,Trunk,178,86,0.4831,167,62,0.3713,93,34,0.3656,193,73,0.3782,125,48,0.3840,116,46,0.3966
7,28149169,28149169,T,C,JAZF1,Intronic,False,,Trunk,Met1__Met2__Met3__Met4__Met5__Met6,1,1,1,1,1,1,Trunk,154,69,0.4481,118,48,0.4068,175,58,0.3314,161,55,0.3416,174,58,0.3333,155,60,0.3871
7,36696385,36696385,T,C,AOAH,Intronic,False,,Trunk,Met1__Met2__Met3__Met4__Met5__Met6,1,1,1,1,1,1,Trunk,134,39,0.2910,150,65,0.4333,161,36,0.2236,166,68,0.4096,144,57,0.3958,113,33,0.2920
7,3733385,3733385,T,C,SDK1,Intronic,False,,Trunk,Met1__Met2__Met3__Met4__Met5__Met6,1,1,1,1,1,1,Trunk,142,49,0.3451,88,30,0.3409,190,54,0.2842,102,36,0.3529,154,51,0.3312,171,60,0.3509
7,47609900,47609900,T,C,TNS3,Intronic,False,,Trunk,Met1__Met2__Met3__Met4__Met5__Met6,1,1,1,1,1,1,Trunk,102,33,0.3235,160,54,0.3375,129,53,0.4109,146,52,0.3562,173,61,0.3526,226,87,0.3850
7,48407301,48407301,T,C,ABCA13,Intronic,False,,Trunk,Met1__Met2__Met3__Met4__Met5__Met6,1,1,1,1,1,1,Trunk,118,41,0.3475,146,55,0.3767,134,50,0.3731,135,53,0.3926,148,53,0.3581,123,38,0.3089
1,74557777,74557777,T,C,LRRIQ3,Intronic,False,,Trunk,Met1__Met2__Met3__Met4__Met5__Met6,1,1,1,1,1,1,Trunk,133,48,0.3609,151,56,0.3709,135,42,0.3111,119,46,0.3866,157,39,0.2484,154,48,0.3117
1,79061263,79061263,T,C,unknown,Intergenic,False,,Trunk,Met1__Met2__Met3__Met4__Met5__Met6,1,1,1,1,1,1,Trunk,132,55,0.4167,190,64,0.3368,145,42,0.2897,145,52,0.3586,93,33,0.3548,159,56,0.3522
2,83813970,83813970,T,C,unknown,Intergenic,False,,Trunk,Met1__Met2__Met3__Met4__Met5__Met6,1,1,1,1,1,1,Trunk,111,39,0.3514,120,37,0.3083,242,76,0.3140,193,65,0.3368,198,74,0.3737,230,73,0.3174
2,92156909,92156909,T,C,unknown,Intergenic,False,,Trunk,Met1__Met2__Met3__Met4__Met5__Met6,1,1,1,1,1,1,Trunk,150,52,0.3467,114,35,0.3070,93,36,0.3871,127,48,0.3780,143,45,0.3147,144,51,0.3542
10,118631379,118631379,T,C,ENO4,Intronic,False,,Trunk,Met1__Met2__Met3__Met4__Met5__Met6,1,1,1,1,1,1,Trunk,146,60,0.4110,116,48,0.4138,175,67,0.3829,140,56,0.4000,107,53,0.4953,141,55,0.3901
10,25278769,25278769,T,C,ENKUR,Intronic,False,,Trunk,Met1__Met2__Met3__Met4__Met5__Met6,1,1,1,1,1,1,Trunk,150,57,0.3800,217,84,0.3871,153,60,0.3922,169,65,0.3846,143,45,0.3147,138,47,0.3406
8,33249840,33249840,T,C,FUT10,Intronic,False,,Trunk,Met1__Met2__Met3__Met4__Met5__Met6,1,1,1,1,1,1,Trunk,149,52,0.3490,114,34,0.2982,247,91,0.3684,105,32,0.3048,91,36,0.3956,113,37,0.3274
8,35999925,35999925,T,C,unknown,Intergenic,False,,Trunk,Met1__Met2__Met3__Met4__Met5__Met6,1,1,1,1,1,1,Trunk,115,50,0.4348,194,75,0.3866,176,60,0.3409,160,54,0.3375,159,59,0.3711,128,48,0.3750
10,44378619,44378619,T,C,LINC00840,NoncodingTranscript,False,,Trunk,Met1__Met2__Met3__Met4__Met5__Met6,1,1,1,1,1,1,Trunk,133,49,0.3684,198,68,0.3434,131,39,0.2977,159,61,0.3836,145,53,0.3655,160,55,0.3438
21,13880195,13880195,T,C,unknown,Intergenic,False,,Trunk,Met1__Met2__Met3__Met4__Met5__Met6,1,1,1,1,1,1,Trunk,159,56,0.3522,107,32,0.2991,128,42,0.3281,114,41,0.3596,175,54,0.3086,177,66,0.3729
10,86000429,86000429,T,C,LRIT1,Intronic,False,,Trunk,Met1__Met2__Met3__Met4__Met5__Met6,1,1,1,1,1,1,Trunk,195,59,0.3026,160,59,0.3688,168,56,0.3333,140,44,0.3143,187,52,0.2781,151,53,0.3510
8,85106350,85106350,T,C,RALYL,Intronic,False,,Trunk,Met1__Met2__Met3__Met4__Met5__Met6,1,1,1,1,1,1,Trunk,123,44,0.3577,215,75,0.3488,166,54,0.3253,135,49,0.3630,190,72,0.3789,114,42,0.3684
9,105395975,105395975,T,C,LINC00587,NoncodingTranscript,False,,Trunk,Met1__Met2__Met3__Met4__Met5__Met6,1,1,1,1,1,1,Trunk,101,31,0.3069,129,48,0.3721,143,43,0.3007,132,52,0.3939,99,30,0.3030,114,43,0.3772
9,112329747,112329747,T,C,unknown,Intergenic,False,,Trunk,Met1__Met2__Met3__Met4__Met5__Met6,1,1,1,1,1,1,Trunk,118,28,0.2373,178,58,0.3258,119,40,0.3361,122,45,0.3689,140,49,0.3500,145,60,0.4138
11,80144771,80144771,T,C,unknown,Intergenic,False,,Trunk,Met1__Met2__Met3__Met4__Met5__Met6,1,1,1,1,1,1,Trunk,205,69,0.3366,166,60,0.3614,137,53,0.3869,126,36,0.2857,205,64,0.3122,130,42,0.3231
11,94076768,94076768,T,C,unknown,Intergenic,False,,Trunk,Met1__Met2__Met3__Met4__Met5__Met6,1,1,1,1,1,1,Trunk,136,61,0.4485,155,61,0.3935,192,61,0.3177,149,65,0.4362,122,51,0.4180,86,33,0.3837
3,11554245,11554245,T,C,ATG7,Intronic,False,,Trunk,Met1__Met2__Met3__Met4__Met5__Met6,1,1,1,1,1,1,Trunk,103,26,0.2524,137,55,0.4015,172,65,0.3779,212,64,0.3019,140,46,0.3286,123,41,0.3333
3,151005318,151005318,T,C,MED12L,Intronic,False,,Trunk,Met1__Met2__Met3__Met4__Met5__Met6,1,1,1,1,1,1,Trunk,140,59,0.4214,168,61,0.3631,187,68,0.3636,127,55,0.4331,156,68,0.4359,177,59,0.3333
12,1508641,1508641,T,C,ERC1,Intronic,False,,Trunk,Met1__Met2__Met3__Met4__Met5__Met6,1,1,1,1,1,1,Trunk,133,43,0.3233,157,57,0.3631,141,62,0.4397,136,55,0.4044,127,56,0.4409,230,79,0.3435
12,25398285,25398285,C,T,KRAS,Substitution,True,True,Trunk,Met1__Met2__Met3__Met4__Met5__Met6,1,1,1,1,1,1,Trunk,183,61,0.3333,140,48,0.3429,164,50,0.3049,185,67,0.3622,195,66,0.3385,172,63,0.3663
3,19415854,19415854,T,C,KCNH8,Intronic,False,,Trunk,Met1__Met2__Met3__Met4__Met5__Met6,1,1,1,1,1,1,Trunk,174,65,0.3736,127,45,0.3543,164,50,0.3049,135,45,0.3333,157,58,0.3694,186,62,0.3333
3,21215064,21215064,T,C,unknown,Intergenic,False,,Trunk,Met1__Met2__Met3__Met4__Met5__Met6,1,1,1,1,1,1,Trunk,140,42,0.3000,142,51,0.3592,144,57,0.3958,136,47,0.3456,134,48,0.3582,83,29,0.3494
9,16866051,16866051,T,C,BNC2,Intronic,False,,Trunk,Met1__Met2__Met3__Met4__Met5__Met6,1,1,1,1,1,1,Trunk,131,42,0.3206,132,59,0.4470,145,48,0.3310,119,38,0.3193,152,42,0.2763,200,77,0.3850
13,100417484,100417484,T,C,CLYBL,Intronic,False,,Trunk,Met1__Met2__Met3__Met4__Met5__Met6,1,1,1,1,1,1,Trunk,168,57,0.3393,139,50,0.3597,150,42,0.2800,175,59,0.3371,150,66,0.4400,133,43,0.3233
9,55573648,55573648,T,C,unknown,Intergenic,False,,Trunk,Met1__Met2__Met3__Met4__Met5__Met6,1,1,1,1,1,1,Trunk,87,34,0.3908,134,46,0.3433,164,56,0.3415,114,31,0.2719,153,48,0.3137,161,54,0.3354
13,118573385,118573385,T,C,unknown,Intergenic,False,,Trunk,Met1__Met2__Met3__Met4__Met5__Met6,1,1,1,1,1,1,Trunk,167,62,0.3713,173,57,0.3295,154,55,0.3571,123,42,0.3415,216,69,0.3194,151,62,0.4106
3,5251748,5251748,T,C,EDEM1,Intronic,False,,Trunk,Met1__Met2__Met3__Met4__Met5__Met6,1,1,1,1,1,1,Trunk,140,37,0.2643,113,44,0.3894,111,38,0.3423,132,53,0.4015,104,38,0.3654,117,51,0.4359
13,1561575,1561575,T,C,unknown,Intergenic,False,,Trunk,Met1__Met2__Met3__Met4__Met5__Met6,1,1,1,1,1,1,Trunk,135,40,0.2963,212,78,0.3679,119,46,0.3866,169,62,0.3669,156,52,0.3333,167,59,0.3533
4,111282327,111282327,T,C,unknown,Intergenic,False,,Trunk,Met1__Met2__Met3__Met4__Met5__Met6,1,1,1,1,1,1,Trunk,140,49,0.3500,165,51,0.3091,122,46,0.3770,224,69,0.3080,177,67,0.3785,134,52,0.3881
13,98203394,98203394,T,C,unknown,Intergenic,False,,Trunk,Met1__Met2__Met3__Met4__Met5__Met6,1,1,1,1,1,1,Trunk,198,87,0.4394,195,75,0.3846,153,54,0.3529,204,85,0.4167,84,30,0.3571,181,72,0.3978
4,34107764,34107764,T,C,unknown,Intergenic,False,,Trunk,Met1__Met2__Met3__Met4__Met5__Met6,1,1,1,1,1,1,Trunk,149,59,0.3960,147,58,0.3946,83,28,0.3373,117,48,0.4103,159,47,0.2956,126,39,0.3095
14,3503407,3503407,T,C,unknown,Intergenic,False,,Trunk,Met1__Met2__Met3__Met4__Met5__Met6,1,1,1,1,1,1,Trunk,215,60,0.2791,143,50,0.3497,143,48,0.3357,189,57,0.3016,129,51,0.3953,170,55,0.3235
14,39838978,39838978,T,C,CTAGE5,Intronic,False,,Trunk,Met1__Met2__Met3__Met4__Met5__Met6,1,1,1,1,1,1,Trunk,95,33,0.3474,99,37,0.3737,128,47,0.3672,137,52,0.3796,156,52,0.3333,147,54,0.3673
4,40103180,40103180,T,C,N4BP2,Intronic,False,,Trunk,Met1__Met2__Met3__Met4__Met5__Met6,1,1,1,1,1,1,Trunk,252,85,0.3373,120,49,0.4083,148,58,0.3919,109,40,0.3670,122,37,0.3033,132,63,0.4773
4,42042681,42042681,T,C,SLC30A9,Intronic,False,,Trunk,Met1__Met2__Met3__Met4__Met5__Met6,1,1,1,1,1,1,Trunk,124,36,0.2903,135,50,0.3704,194,65,0.3351,148,47,0.3176,113,33,0.2920,180,75,0.4167
4,94413479,94413479,T,C,GRID2,Intronic,False,,Trunk,Met1__Met2__Met3__Met4__Met5__Met6,1,1,1,1,1,1,Trunk,117,35,0.2991,154,55,0.3571,157,48,0.3057,118,43,0.3644,164,55,0.3354,156,51,0.3269
5,13112557,13112557,T,C,unknown,Intergenic,False,,Trunk,Met1__Met2__Met3__Met4__Met5__Met6,1,1,1,1,1,1,Trunk,134,48,0.3582,203,69,0.3399,123,39,0.3171,183,60,0.3279,172,60,0.3488,101,36,0.3564
15,28931056,28931056,T,C,unknown,Intergenic,False,,Trunk,Met1__Met2__Met3__Met4__Met5__Met6,1,1,1,1,1,1,Trunk,205,77,0.3756,171,60,0.3509,84,37,0.4405,131,50,0.3817,149,57,0.3826,120,44,0.3667
15,46392427,46392427,T,C,RP11-315O8.1,NoncodingTranscript,False,,Trunk,Met1__Met2__Met3__Met4__Met5__Met6,1,1,1,1,1,1,Trunk,115,45,0.3913,138,52,0.3768,204,62,0.3039,246,93,0.3780,155,59,0.3806,174,53,0.3046
5,169509648,169509648,T,C,DOCK2,Intronic,False,,Trunk,Met1__Met2__Met3__Met4__Met5__Met6,1,1,1,1,1,1,Trunk,127,44,0.3465,106,40,0.3774,164,52,0.3171,152,68,0.4474,140,59,0.4214,147,56,0.3810
5,33543073,33543073,T,C,ADAMTS12,Intronic,False,,Trunk,Met1__Met2__Met3__Met4__Met5__Met6,1,1,1,1,1,1,Trunk,111,35,0.3153,155,55,0.3548,123,47,0.3821,90,30,0.3333,164,58,0.3537,117,44,0.3761
5,37757654,37757654,T,C,unknown,Intergenic,False,,Trunk,Met1__Met2__Met3__Met4__Met5__Met6,1,1,1,1,1,1,Trunk,136,51,0.3750,149,43,0.2886,105,42,0.4000,168,62,0.3690,200,60,0.3000,113,40,0.3540
15,82268175,82268175,T,C,RP11-276M12.1,NoncodingTranscript,False,,Trunk,Met1__Met2__Met3__Met4__Met5__Met6,1,1,1,1,1,1,Trunk,181,66,0.3646,120,40,0.3333,157,47,0.2994,77,19,0.2468,101,37,0.3663,170,60,0.3529
5,70687230,70687230,T,C,RP11-136K7.2,NoncodingTranscript,False,,Trunk,Met1__Met2__Met3__Met4__Met5__Met6,1,1,1,1,1,1,Trunk,156,50,0.3205,185,64,0.3459,125,45,0.3600,209,69,0.3301,116,40,0.3448,172,55,0.3198
5,76994188,76994188,T,C,TBCA,Intronic,False,,Trunk,Met1__Met2__Met3__Met4__Met5__Met6,1,1,1,1,1,1,Trunk,161,55,0.3416,151,53,0.3510,171,55,0.3216,174,63,0.3621,136,51,0.3750,162,51,0.3148
16,52337373,52337373,T,C,unknown,Intergenic,False,,Trunk,Met1__Met2__Met3__Met4__Met5__Met6,1,1,1,1,1,1,Trunk,113,35,0.3097,131,45,0.3435,92,34,0.3696,139,43,0.3094,142,44,0.3099,140,54,0.3857
6,146601107,146601107,T,C,GRM1,Intronic,False,,Trunk,Met1__Met2__Met3__Met4__Met5__Met6,1,1,1,1,1,1,Trunk,186,66,0.3548,185,66,0.3568,99,25,0.2525,125,44,0.3520,157,48,0.3057,190,78,0.4105
16,66277426,66277426,T,C,unknown,Intergenic,False,,Trunk,Met1__Met2__Met3__Met4__Met5__Met6,1,1,1,1,1,1,Trunk,162,69,0.4259,151,55,0.3642,175,56,0.3200,217,87,0.4009,110,33,0.3000,127,36,0.2835
17,52003058,52003058,T,C,unknown,Intergenic,False,,Trunk,Met1__Met2__Met3__Met4__Met5__Met6,1,1,1,1,1,1,Trunk,162,61,0.3765,216,62,0.2870,98,22,0.2245,135,54,0.4000,164,51,0.3110,123,44,0.3577
6,64924789,64924789,T,C,EYS,Intronic,False,,Trunk,Met1__Met2__Met3__Met4__Met5__Met6,1,1,1,1,1,1,Trunk,149,56,0.3758,131,44,0.3359,150,49,0.3267,131,41,0.3130,213,83,0.3897,154,58,0.3766
17,9426579,9426579,T,C,STX8,Intronic,False,,Trunk,Met1__Met2__Met3__Met4__Met5__Met6,1,1,1,1,1,1,Trunk,124,39,0.3145,228,71,0.3114,121,38,0.3140,135,42,0.3111,117,40,0.3419,133,54,0.4060
6,71553544,71553544,T,C,SMAP1,Intronic,False,,Trunk,Met1__Met2__Met3__Met4__Met5__Met6,1,1,1,1,1,1,Trunk,189,65,0.3439,107,41,0.3832,161,60,0.3727,206,72,0.3495,140,57,0.4071,144,47,0.3264
18,63483197,63483197,T,C,CDH7,Intronic,False,,Trunk,Met1__Met2__Met3__Met4__Met5__Met6,1,1,1,1,1,1,Trunk,148,57,0.3851,121,45,0.3719,131,58,0.4427,162,55,0.3395,129,40,0.3101,143,46,0.3217
19,16683613,16683613,T,C,CTD-3222D19.2,NoncodingTranscript,False,,Trunk,Met1__Met2__Met3__Met4__Met5__Met6,1,1,1,1,1,1,Trunk,206,87,0.4223,138,46,0.3333,140,51,0.3643,170,55,0.3235,123,53,0.4309,162,62,0.3827
19,48017589,48017589,T,C,NAPA,Intronic,False,,UntrMetShared,Met4__Met5,0.00427581099,0.000157592118,0.000228440665,1,1,0.00255860435,UntrMetShared,122,2,0.0164,156,1,0.0064,155,1,0.0065,144,54,0.3750,170,55,0.3235,132,2,0.0152
6,29622122,29622122,T,C,unknown,Intergenic,False,,UntrMetShared,Met4__Met5,0.000109090286,0.00224187082,0.00026207418,1,1,6.08120455e-05,UntrMetShared,168,1,0.0060,97,1,0.0103,112,0,0.0000,101,35,0.3465,131,41,0.3130,140,0,0.0000
13,99069441,99069441,T,C,FARP1,Intronic,False,,UntrMetShared,Met4__Met5,0.000126071561,1.48283954e-05,0.00584107639,1,1,0.00110046239,UntrMetShared,125,0,0.0000,172,0,0.0000,46,0,0.0000,236,82,0.3475,147,43,0.2925,113,1,0.0088
19,30116569,30116569,T,C,unknown,Intergenic,False,,UntrMetPrivate,Met4,0.000126071561,3.45447665e-05,8.97715748e-05,1,3.17100299e-05,1.20506626e-05,UntrMetPrivate,125,0,0.0000,152,0,0.0000,178,1,0.0056,137,61,0.4453,156,0,0.0000,219,1,0.0046
1,122904753,122904753,T,C,unknown,Intergenic,False,,UntrMetPrivate,Met4,6.10238861e-05,3.45447665e-05,6.01893679e-05,1,0.000201649742,3.29957785e-06,UntrMetPrivate,142,0,0.0000,152,0,0.0000,188,1,0.0053,148,54,0.3649,152,1,0.0066,210,0,0.0000
1,156940808,156940808,T,C,ARHGEF11,Intronic,False,,UntrMetPrivate,Met4,0.000227517336,0.00168780324,0.000707307585,1,0.000185122751,7.22175505e-05,UntrMetPrivate,190,2,0.0105,103,1,0.0097,128,1,0.0078,133,46,0.3459,154,1,0.0065,136,0,0.0000
7,52635798,52635798,T,C,unknown,Intergenic,False,,UntrMetPrivate,Met4,0.000120750999,0.000188205597,3.88988323e-05,1,8.07700064e-05,0.000138647919,UntrMetPrivate,126,0,0.0000,191,2,0.0105,158,0,0.0000,162,53,0.3272,134,0,0.0000,121,0,0.0000
2,53338118,53338118,T,C,unknown,Intergenic,False,,UntrMetPrivate,Met4,8.94338254e-05,0.00448170354,0.000656393192,1,0.000239407617,0.00385214551,UntrMetPrivate,133,0,0.0000,119,2,0.0168,91,0,0.0000,131,34,0.2595,148,1,0.0068,123,2,0.0163
10,111839295,111839295,T,C,ADD3,Intronic,False,,UntrMetPrivate,Met4,0.000163492195,7.83093627e-05,4.39182841e-05,1,0.0133225221,5.52587016e-05,UntrMetPrivate,198,2,0.0101,133,0,0.0000,155,0,0.0000,193,65,0.3368,97,2,0.0206,182,1,0.0055
20,57182564,57182564,T,C,APCDD1L-AS1,NoncodingTranscript,False,,UntrMetPrivate,Met4,0.000657227792,0.000116131078,0.000228440665,1,2.17544476e-05,6.53117944e-05,UntrMetPrivate,126,1,0.0079,124,0,0.0000,155,1,0.0065,168,49,0.2917,165,0,0.0000,178,1,0.0056
10,31319927,31319927,T,C,ZNF438,Intronic,False,,UntrMetPrivate,Met4,0.000163492195,0.000537741255,7.64738166e-05,1,0.00249872526,0.00774680747,UntrMetPrivate,198,2,0.0101,128,1,0.0078,182,1,0.0055,150,57,0.3800,171,3,0.0175,108,2,0.0185
8,48706659,48706659,T,C,PRKDC,Intronic,False,,UntrMetPrivate,Met4,0.000110793544,2.26592638e-05,0.0213165686,1,0.000131745566,0.000536012177,UntrMetPrivate,128,0,0.0000,202,1,0.0050,126,3,0.0238,118,46,0.3898,162,1,0.0062,129,1,0.0078
8,50333352,50333352,T,C,unknown,Intergenic,False,,UntrMetPrivate,Met4,5.62392288e-05,0.000792220844,3.31041363e-05,1,0.000143399345,1.64208527e-05,UntrMetPrivate,184,1,0.0054,82,0,0.0000,162,0,0.0000,122,47,0.3852,160,1,0.0063,171,0,0.0000
8,8176394,8176393,-,GGGGCG,SGK223,Insertion,False,,UntrMetPrivate,Met4,0.000186371886,2.03981057e-06,0.000372611919,1,1.21705131e-05,0.000376766747,UntrMetPrivate,116,0,0.0000,220,0,0.0000,183,2,0.0109,149,54,0.3624,179,0,0.0000,137,1,0.0073
22,25225036,25225036,T,C,SGSM1,Intronic,False,,UntrMetPrivate,Met4,0.00017305973,9.30629773e-06,0.000331405472,1,2.28694177e-06,5.82611302e-05,UntrMetPrivate,157,1,0.0064,264,2,0.0076,146,1,0.0068,142,50,0.3521,220,0,0.0000,141,0,0.0000
22,38041365,38041365,T,C,"SH3BP1,Z83844.1",Intronic,False,,UntrMetPrivate,Met4,0.00015654839,0.000884609615,0.000129043256,1,6.84697637e-06,5.58198443e-05,UntrMetPrivate,120,0,0.0000,155,2,0.0129,169,1,0.0059,137,44,0.3212,193,0,0.0000,142,0,0.0000
11,39429292,39429292,T,C,unknown,Intergenic,False,,UntrMetPrivate,Met4,0.000115661808,0.000623890602,0.000304995341,1,0.000323955948,3.80127136e-05,UntrMetPrivate,127,0,0.0000,163,2,0.0123,148,1,0.0068,154,72,0.4675,141,1,0.0071,191,1,0.0052
11,68235371,68235371,T,C,PPP6R3,Intronic,False,,UntrMetPrivate,Met4,4.17955398e-05,5.67513217e-05,0.00179988008,1,0.000154963295,8.96306593e-05,UntrMetPrivate,151,0,0.0000,180,1,0.0056,145,2,0.0138,121,49,0.4050,119,0,0.0000,131,0,0.0000
22,55695229,55695229,T,C,unknown,Intergenic,False,,UntrMetPrivate,Met4,6.92854213e-05,1.30768187e-05,7.1622811e-05,1,1.53036441e-05,0.000188871481,UntrMetPrivate,139,0,0.0000,175,0,0.0000,143,0,0.0000,149,55,0.3691,214,1,0.0047,114,0,0.0000
22,9889332,9889332,T,C,unknown,Intergenic,False,,UntrMetPrivate,Met4,0.000265053107,2.07624753e-05,0.000171508089,1,0.000185122751,0.0100263711,UntrMetPrivate,108,0,0.0000,164,0,0.0000,162,1,0.0062,151,57,0.3775,154,1,0.0065,139,3,0.0216
9,21521613,21521613,T,C,MIR31HG,NoncodingTranscript,False,,UntrMetPrivate,Met4,4.05213554e-06,0.000253870465,0.00024804284,1,6.72733135e-05,0.00125507634,UntrMetPrivate,208,0,0.0000,145,1,0.0069,153,1,0.0065,153,62,0.4052,178,1,0.0056,148,2,0.0135
3,159823860,159823860,T,C,IL12A-AS1,NoncodingTranscript,False,,UntrMetPrivate,Met4,0.000242930954,0.000833714998,4.76286053e-05,0.996795247,9.50547047e-06,7.53980644e-05,UntrMetPrivate,149,1,0.0067,195,3,0.0154,153,0,0.0000,162,15,0.0926,185,0,0.0000,135,0,0.0000
3,188459553,188459553,T,C,LPP,Intronic,False,,UntrMetPrivate,Met4,0.000143533861,0.000710888155,2.40156031e-05,1,3.32738044e-05,0.00478685676,UntrMetPrivate,122,0,0.0000,160,2,0.0125,170,0,0.0000,127,45,0.3543,195,1,0.0051,82,1,0.0122
13,111294112,111294112,T,C,CARS2,Intronic,False,,UntrMetPrivate,Met4,0.000597359688,3.6184957e-06,0.000122574174,0.96617268,3.29070612e-06,2.20004383e-05,UntrMetPrivate,90,0,0.0000,206,0,0.0000,130,0,0.0000,161,12,0.0745,211,0,0.0000,164,0,0.0000
3,63329922,63329922,T,C,SYNPR,Intronic,False,,UntrMetPrivate,Met4,0.000576089099,0.00019794137,1.88108834e-06,0.999984894,0.000547832796,0.000640396426,UntrMetPrivate,129,1,0.0078,112,0,0.0000,235,0,0.0000,124,17,0.1371,129,1,0.0078,125,1,0.0080
13,58019181,58019181,T,C,unknown,Intergenic,False,,UntrMetPrivate,Met4,0.000204958977,0.000121804328,6.59880227e-05,1,5.26641361e-05,3.16802436e-06,UntrMetPrivate,153,1,0.0065,162,1,0.0062,145,0,0.0000,103,37,0.3592,144,0,0.0000,211,0,0.0000
4,169123865,169123865,T,C,unknown,Intergenic,False,,UntrMetPrivate,Met4,3.30400372e-05,2.78807785e-05,0.00145648974,1,6.57260977e-06,4.7057183e-05,UntrMetPrivate,197,1,0.0051,197,1,0.0051,150,2,0.0133,129,40,0.3101,194,0,0.0000,146,0,0.0000
4,24447411,24447411,T,C,unknown,Intergenic,False,,UntrMetPrivate,Met4,0.00050368266,0.000470391243,0.000131436,1,4.63648817e-05,2.13466855e-05,UntrMetPrivate,171,2,0.0117,131,1,0.0076,209,2,0.0096,167,56,0.3353,147,0,0.0000,205,1,0.0049
14,25792724,25792724,T,C,unknown,Intergenic,False,,UntrMetPrivate,Met4,0.000378900204,0.000138573585,0.000112785772,1,0.000263769704,3.07974405e-05,UntrMetPrivate,100,0,0.0000,120,0,0.0000,132,0,0.0000,149,63,0.4228,107,0,0.0000,156,0,0.0000
14,60016344,60016344,T,C,CCDC175,Intronic,False,,UntrMetPrivate,Met4,5.85005306e-05,9.32453735e-05,7.46232238e-05,0.950892511,0.00172731708,0.00138419503,UntrMetPrivate,143,0,0.0000,129,0,0.0000,142,0,0.0000,71,6,0.0845,67,0,0.0000,108,1,0.0093
4,91258569,91258569,T,C,CCSER1,Intronic,False,,UntrMetPrivate,Met4,1.42494014e-05,4.79711908e-05,4.96026396e-05,1,4.25990032e-05,9.57646813e-06,UntrMetPrivate,177,0,0.0000,184,1,0.0054,152,0,0.0000,128,51,0.3984,149,0,0.0000,184,0,0.0000
14,95355631,95355631,T,C,unknown,Intergenic,False,,UntrMetPrivate,Met4,4.39682115e-05,0.00740015892,0.00026207418,1,0.0782881284,0.000681934386,UntrMetPrivate,190,1,0.0053,145,3,0.0207,112,0,0.0000,196,69,0.3520,199,6,0.0302,162,2,0.0123
5,137942630,137942630,T,C,unknown,Intergenic,False,,UntrMetPrivate,Met4,7.54236832e-05,0.000165525868,3.44645377e-05,1,0.000109661539,5.08388306e-05,UntrMetPrivate,137,0,0.0000,116,0,0.0000,161,0,0.0000,103,22,0.2136,206,2,0.0097,184,1,0.0054
5,140576461,140576461,T,C,unknown,Intergenic,False,,UntrMetPrivate,Met4,0.000265053107,9.42928256e-05,1.67776327e-05,1,0.00102453372,4.32175109e-05,UntrMetPrivate,108,0,0.0000,168,1,0.0060,179,0,0.0000,187,77,0.4118,115,1,0.0087,148,0,0.0000
15,44803153,44803153,T,C,CTDSPL2,Intronic,False,,UntrMetPrivate,Met4,0.000106136258,6.30321671e-05,0.000144870383,0.933089776,2.00146815e-05,0.000330460011,UntrMetPrivate,129,0,0.0000,138,0,0.0000,126,0,0.0000,144,10,0.0694,167,0,0.0000,140,1,0.0071
15,79839287,79839287,T,C,unknown,Intergenic,False,,UntrMetPrivate,Met4,1.66292615e-06,2.79236372e-05,4.05032433e-05,1,2.5711357e-05,0.00213762124,UntrMetPrivate,272,1,0.0037,157,0,0.0000,157,0,0.0000,138,59,0.4275,161,0,0.0000,136,2,0.0147
5,87393016,87393016,T,C,unknown,Intergenic,False,,UntrMetPrivate,Met4,0.000253570122,0.000232679282,0.00104127293,1,0.000459347308,2.39253703e-05,UntrMetPrivate,109,0,0.0000,147,1,0.0068,158,2,0.0127,129,44,0.3411,133,1,0.0075,162,0,0.0000
6,125775354,125775354,T,C,unknown,Intergenic,False,,UntrMetPrivate,Met4,9.74171418e-05,3.45447665e-05,6.78345813e-05,1,0.000124525012,0.00163595906,UntrMetPrivate,131,0,0.0000,152,0,0.0000,185,1,0.0054,180,65,0.3611,124,0,0.0000,142,2,0.0141
6,128358581,128358581,T,C,"PTPRK,RP11-103C16.2",Intronic,False,,UntrMetPrivate,Met4,5.37698564e-05,0.0004811832,0.000677758673,1,0.000100218362,4.38928583e-06,UntrMetPrivate,145,0,0.0000,169,2,0.0118,129,1,0.0078,152,53,0.3487,129,0,0.0000,203,0,0.0000
6,132297376,132297376,T,C,RP11-69I8.3,NoncodingTranscript,False,,UntrMetPrivate,Met4,3.17222419e-05,0.000673072859,4.21754114e-05,1,8.64547008e-05,2.0274992e-06,UntrMetPrivate,198,1,0.0051,123,1,0.0081,156,0,0.0000,130,47,0.3615,172,1,0.0058,222,0,0.0000
16,68738207,68738207,T,C,CDH3,IncompleteTranscript,False,,UntrMetPrivate,Met4,7.12965714e-06,0.000259436209,0.00365483956,1,0.00107693787,0.00613215853,UntrMetPrivate,194,0,0.0000,106,0,0.0000,91,1,0.0110,183,46,0.2514,152,2,0.0132,150,3,0.0200
17,84878702,84878702,T,C,unknown,Intergenic,False,,UntrMetPrivate,Met4,3.68695672e-05,0.00058812748,0.000186102925,0.750876843,0.000715058813,3.64709614e-05,UntrMetPrivate,154,0,0.0000,126,1,0.0079,160,1,0.0063,169,9,0.0533,123,1,0.0081,152,0,0.0000
6,71244931,71244931,T,C,FAM135A,Intronic,False,,UntrMetPrivate,Met4,0.000313976479,6.58216139e-05,0.000164316958,1,2.17544476e-05,0.000196580555,UntrMetPrivate,143,1,0.0070,137,0,0.0000,123,0,0.0000,129,54,0.4186,165,0,0.0000,152,1,0.0066
7,109696982,109696982,T,C,unknown,Intergenic,False,,UntrMetPrivate,Met5,0.00104009422,0.00224187082,0.000112785772,0.00071519907,1,0.00062556593,UntrMetPrivate,154,2,0.0130,97,1,0.0103,132,0,0.0000,159,2,0.0126,148,46,0.3108,164,2,0.0122
19,69320144,69320144,T,C,unknown,Intergenic,False,,UntrMetPrivate,Met5,0.000253508783,0.000643426134,0.000194534941,0.000138614914,1,8.29722888e-05,UntrMetPrivate,148,1,0.0068,124,1,0.0081,119,0,0.0000,158,1,0.0063,126,53,0.4206,212,2,0.0094
2,107262567,107262567,T,C,unknown,Intergenic,False,,UntrMetPrivate,Met5,0.000657227792,9.32453735e-05,0.001930694,6.28104493e-05,0.998400994,5.12469653e-05,UntrMetPrivate,126,1,0.0079,129,0,0.0000,105,1,0.0095,216,2,0.0093,168,16,0.0952,144,0,0.0000
1,174509978,174509978,T,C,RABGAP1L,Intronic,False,,UntrMetPrivate,Met5,0.00197485317,2.67633149e-05,4.21754114e-05,0.000121779204,1,3.29957785e-06,UntrMetPrivate,65,0,0.0000,158,0,0.0000,156,0,0.0000,161,1,0.0062,113,38,0.3363,210,0,0.0000
2,165539093,165539093,T,C,COBLL1,ThreePrimeUTR,False,,UntrMetPrivate,Met5,0.000257687066,3.60508813e-05,2.70804653e-05,0.000233692163,1,0.00120586125,UntrMetPrivate,187,2,0.0107,151,0,0.0000,167,0,0.0000,146,1,0.0068,168,62,0.3690,111,1,0.0090
2,22015128,22015128,T,C,AC067959.1,NoncodingTranscript,False,,UntrMetPrivate,Met5,0.000188317002,1.42194744e-05,0.00264573273,7.28285028e-05,1,4.14194684e-05,UntrMetPrivate,155,1,0.0065,173,0,0.0000,136,2,0.0147,173,1,0.0058,135,43,0.3185,149,0,0.0000
7,50430098,50430098,T,C,IKZF1,Intronic,False,,UntrMetPrivate,Met5,0.000551412317,0.000222774645,9.16841199e-05,0.000111732367,1,1.12989862e-05,UntrMetPrivate,130,1,0.0077,148,1,0.0068,137,0,0.0000,163,1,0.0061,139,51,0.3669,180,0,0.0000
1,46839333,46839333,T,C,unknown,Intergenic,False,,UntrMetPrivate,Met5,5.15534157e-05,0.000204244679,0.000660112551,7.85478821e-05,1,5.34833333e-05,UntrMetPrivate,146,0,0.0000,150,1,0.0067,169,2,0.0118,132,0,0.0000,174,55,0.3161,143,0,0.0000
1,50923479,50923479,T,C,FAF1,Intronic,False,,UntrMetPrivate,Met5,0.0918292054,2.67633149e-05,0.00195980696,0.00081606225,1,3.96209861e-05,UntrMetPrivate,92,3,0.0326,158,0,0.0000,143,2,0.0140,156,2,0.0128,149,50,0.3356,190,1,0.0053
2,45720470,45720470,T,C,SRBD1,Intronic,False,,UntrMetPrivate,Met5,0.000178403479,2.79236372e-05,0.000503708418,0.000164844803,1,0.000110830265,UntrMetPrivate,117,0,0.0000,157,0,0.0000,136,1,0.0074,154,1,0.0065,155,52,0.3355,205,2,0.0098
2,4896193,4896193,T,C,unknown,Intergenic,False,,UntrMetPrivate,Met5,0.00168798034,1.76835086e-05,1.74576734e-05,0.0506740267,1,3.80494602e-05,UntrMetPrivate,105,1,0.0095,208,1,0.0048,178,0,0.0000,103,3,0.0291,155,50,0.3226,151,0,0.0000
7,55805890,55805890,T,C,CICP11,NoncodingTranscript,False,,UntrMetPrivate,Met5,6.06409624e-06,2.45880427e-05,2.60168388e-05,3.02911608e-05,1,6.08120455e-05,UntrMetPrivate,198,0,0.0000,160,0,0.0000,168,0,0.0000,154,0,0.0000,147,61,0.4150,140,0,0.0000
7,66741644,66741644,T,C,unknown,Intergenic,False,,UntrMetPrivate,Met5,0.000551412317,4.60011333e-05,0.000145738852,3.75441808e-05,0.730986526,0.0207748452,UntrMetPrivate,130,1,0.0077,185,1,0.0054,166,1,0.0060,149,0,0.0000,175,9,0.0514,123,3,0.0244
20,37146354,37146354,T,C,RALGAPB,Intronic,False,,UntrMetPrivate,Met5,2.06272784e-05,0.00955940178,0.000122574174,3.91959985e-05,0.989799914,0.000270081912,UntrMetPrivate,168,0,0.0000,103,2,0.0194,130,0,0.0000,148,0,0.0000,94,9,0.0957,106,0,0.0000
10,123594688,123594688,T,C,ATE1,Intronic,False,,UntrMetPrivate,Met5,0.000131634456,1.90830177e-05,0.0363933898,0.000931615633,0.999981245,5.82611302e-05,UntrMetPrivate,124,0,0.0000,166,0,0.0000,114,3,0.0263,153,2,0.0131,140,18,0.1286,141,0,0.0000
20,41583724,41583724,T,C,PTPRT,Intronic,False,,UntrMetPrivate,Met5,0.0074267542,0.0064681467,0.000273551388,0.0273688117,0.927624046,0.000158675466,UntrMetPrivate,110,2,0.0182,148,3,0.0203,111,0,0.0000,116,3,0.0259,166,11,0.0663,157,1,0.0064
8,143976132,143976132,T,C,GML,IncompleteTranscript,False,,UntrMetPrivate,Met5,0.000194709774,0.000514246577,0.00196720294,0.00118205163,1,0.000265894818,UntrMetPrivate,115,0,0.0000,129,1,0.0078,182,3,0.0165,110,1,0.0091,133,49,0.3684,145,1,0.0069
20,7521568,7521568,T,C,unknown,Intergenic,False,,UntrMetPrivate,Met5,0.00193825635,0.0110546227,0.000915133146,1.09471999e-05,0.982104671,4.14194684e-05,UntrMetPrivate,102,1,0.0098,100,2,0.0200,122,1,0.0082,178,0,0.0000,182,14,0.0769,149,0,0.0000
10,35019355,35019355,T,C,PARD3,Intronic,False,,UntrMetPrivate,Met5,0.00016350759,0.00295965493,0.000331405472,1.09471999e-05,0.999999925,1.17768235e-05,UntrMetPrivate,119,0,0.0000,128,2,0.0156,146,1,0.0068,178,0,0.0000,118,20,0.1695,179,0,0.0000
20,8223022,8223022,T,C,PLCB1,Intronic,False,,UntrMetPrivate,Met5,0.000242930954,3.04008308e-05,0.000339327653,0.018652776,0.999711352,4.50955268e-05,UntrMetPrivate,149,1,0.0067,155,0,0.0000,106,0,0.0000,89,2,0.0225,118,14,0.1186,147,0,0.0000
10,60054296,60054296,T,C,unknown,Intergenic,False,,UntrMetPrivate,Met5,0.000896192336,6.58216139e-05,9.96549664e-05,7.93116882e-05,1,0.000128229888,UntrMetPrivate,119,1,0.0084,137,0,0.0000,216,2,0.0093,171,1,0.0058,127,50,0.3937,162,1,0.0062
21,37670231,37670231,T,C,unknown,Intergenic,False,,UntrMetPrivate,Met5,1.36776831e-05,0.000810401666,0.226473248,0.000239639988,0.87617999,3.88351372e-06,UntrMetPrivate,178,0,0.0000,157,2,0.0127,105,4,0.0381,107,0,0.0000,127,8,0.0630,206,0,0.0000
8,79523617,79523617,T,C,unknown,Intergenic,False,,UntrMetPrivate,Met5,0.00133219929,1.54638723e-05,0.00446415677,0.00118205163,1,8.58317178e-05,UntrMetPrivate,73,0,0.0000,171,0,0.0000,124,2,0.0161,110,1,0.0091,138,41,0.2971,132,0,0.0000
11,78498236,78498236,T,C,TENM4,Intronic,False,,UntrMetPrivate,Met5,0.000113739667,0.000111822082,8.97715748e-05,0.000734156814,1,0.000255691198,UntrMetPrivate,167,1,0.0060,164,1,0.0061,178,1,0.0056,197,3,0.0152,154,57,0.3701,185,2,0.0108
3,194050209,194050209,T,C,unknown,Intergenic,False,,UntrMetPrivate,Met5,0.00324819712,0.000150952084,0.000139940721,2.77358446e-06,0.718338757,0.0001177922,UntrMetPrivate,91,1,0.0110,157,1,0.0064,167,1,0.0060,211,0,0.0000,111,6,0.0541,164,1,0.0061
12,94078100,94078100,T,C,CRADD,Intronic,False,,UntrMetPrivate,Met5,0.000120750999,0.000132573317,1.32266494e-05,0.000204944739,1,2.95255821e-05,UntrMetPrivate,126,0,0.0000,121,0,0.0000,185,0,0.0000,149,1,0.0067,157,65,0.4140,157,0,0.0000
13,1690746,1690746,T,C,unknown,Intergenic,False,,UntrMetPrivate,Met5,4.77217166e-05,0.000315992016,6.33433396e-05,0.000416380308,1,4.32175109e-05,UntrMetPrivate,188,1,0.0053,140,1,0.0071,146,0,0.0000,95,0,0.0000,106,39,0.3679,148,0,0.0000
13,34740105,34740105,T,C,unknown,Intergenic,False,,UntrMetPrivate,Met5,0.000204958977,3.76241983e-05,8.44235275e-05,0.000239639988,0.99229232,2.71403215e-05,UntrMetPrivate,153,1,0.0065,150,0,0.0000,139,0,0.0000,107,0,0.0000,134,12,0.0896,159,0,0.0000
4,106676502,106676502,T,C,"GSTCD,INTS12,RP11-45L9.1",Intronic,False,,UntrMetPrivate,Met5,4.97193617e-05,0.000514246577,0.000463027828,0.000332456049,1,1.3902985e-05,UntrMetPrivate,187,1,0.0053,129,1,0.0078,138,1,0.0072,138,1,0.0072,141,53,0.3759,175,0,0.0000
13,63585668,63585668,T,C,unknown,Intergenic,False,,UntrMetPrivate,Met5,5.82391951e-06,5.46270774e-06,0.000178765819,0.000145942465,1,6.34776792e-05,UntrMetPrivate,199,0,0.0000,196,0,0.0000,121,0,0.0000,118,0,0.0000,105,35,0.3333,139,0,0.0000
4,128730582,128730582,T,C,HSPA4L,Intronic,False,,UntrMetPrivate,Met5,0.000101680469,0.0008066047,1.30173736e-05,0.00945749992,1,4.7057183e-05,UntrMetPrivate,130,0,0.0000,119,1,0.0084,227,1,0.0044,176,4,0.0227,122,49,0.4016,146,0,0.0000
14,111220338,111220338,T,C,unknown,Intergenic,False,,UntrMetPrivate,Met5,0.000601912868,0.000151430922,0.000171508089,0.000347525418,0.637527146,0.000139617029,UntrMetPrivate,128,1,0.0078,118,0,0.0000,162,1,0.0062,137,1,0.0073,120,6,0.0500,160,1,0.0063
14,65602473,65602473,T,C,unknown,Intergenic,False,,UntrMetPrivate,Met5,0.000143533861,3.04008308e-05,0.000571802018,0.000255133316,1,0.000393650525,UntrMetPrivate,122,0,0.0000,155,0,0.0000,133,1,0.0075,144,1,0.0069,180,61,0.3389,136,1,0.0074
14,71317506,71317506,T,C,unknown,Intergenic,False,,UntrMetPrivate,Met5,0.000497287377,0.000449885436,0.00534851765,4.56826145e-05,0.724809591,0.000144878845,UntrMetPrivate,94,0,0.0000,94,0,0.0000,158,3,0.0190,184,1,0.0054,197,10,0.0508,120,0,0.0000
4,88158522,88158522,T,C,KLHL8,NoncodingTranscript,False,,UntrMetPrivate,Met5,0.000288179743,7.49753896e-05,0.00242747094,0.000187821852,1,0.000612466622,UntrMetPrivate,145,1,0.0069,134,0,0.0000,138,2,0.0145,151,1,0.0066,211,66,0.3128,126,1,0.0079
14,78301349,78301349,T,C,ADCK1,Intronic,False,,UntrMetPrivate,Met5,0.000342160686,0.000106351435,0.000571802018,0.00019106222,1,7.53980644e-05,UntrMetPrivate,141,1,0.0071,126,0,0.0000,133,1,0.0075,112,0,0.0000,95,26,0.2737,135,0,0.0000
5,146516946,146516946,T,C,unknown,Intergenic,False,,UntrMetPrivate,Met5,0.000527829374,0.000960672222,5.78412286e-05,4.7652774e-05,0.953189961,7.53980644e-05,UntrMetPrivate,131,1,0.0076,78,0,0.0000,189,1,0.0053,183,1,0.0055,104,8,0.0769,135,0,0.0000
5,76992191,76992191,T,C,TBCA,Intronic,False,,UntrMetPrivate,Met5,0.000819873543,0.000537741255,0.000219244369,4.19875049e-05,1,3.07974405e-05,UntrMetPrivate,121,1,0.0083,128,1,0.0078,156,1,0.0064,186,1,0.0054,126,40,0.3175,156,0,0.0000
16,23550536,23550536,T,C,EARS2,Intronic,False,,UntrMetPrivate,Met5,2.75533941e-05,3.31029073e-05,0.000211751046,1.89530391e-05,0.999992759,6.34477069e-06,UntrMetPrivate,161,0,0.0000,153,0,0.0000,117,0,0.0000,165,0,0.0000,143,19,0.1329,194,0,0.0000
16,2892306,2892306,T,C,PRSS30P,NoncodingTranscript,False,,UntrMetPrivate,Met5,0.000115661808,8.61687371e-06,2.49958002e-05,0.000223675494,1,3.64708556e-05,UntrMetPrivate,127,0,0.0000,185,0,0.0000,169,0,0.0000,147,1,0.0068,101,42,0.4158,192,1,0.0052
5,98630791,98630791,T,C,unknown,Intergenic,False,,UntrMetPrivate,Met5,0.00118399348,0.000138518968,5.60429655e-05,0.000287676611,1,0.000188871481,UntrMetPrivate,151,2,0.0132,159,1,0.0063,149,0,0.0000,103,0,0.0000,105,40,0.3810,114,0,0.0000
6,151818232,151818232,T,C,CCDC170,Intronic,False,,UntrMetPrivate,Met5,5.18023126e-05,0.000187294702,3.33606932e-05,0.0017409235,0.963168337,0.00704821654,UntrMetPrivate,186,1,0.0054,152,1,0.0066,244,2,0.0082,139,2,0.0144,132,10,0.0758,110,2,0.0182
17,47889483,47889483,T,C,KAT7,Intronic,False,,UntrMetPrivate,Met5,0.000126071561,7.31023874e-05,0.00161564931,0.000254901351,0.932461115,0.000712050382,UntrMetPrivate,125,0,0.0000,174,1,0.0057,109,1,0.0092,222,3,0.0135,129,9,0.0698,161,2,0.0124
18,66699630,66699630,T,C,CCDC102B,Intronic,False,,UntrMetPrivate,Met5,0.00468333698,0.000171785905,1.43162581e-05,5.78627077e-05,1,0.000960049388,UntrMetPrivate,120,2,0.0167,154,1,0.0065,183,0,0.0000,139,0,0.0000,113,37,0.3274,116,1,0.0086
6,9004109,9004109,T,C,unknown,Intergenic,False,,UntrMetPrivate,Met5,6.84664517e-06,0.0019441615,9.34510449e-05,5.40989835e-05,1,1.64208527e-05,UntrMetPrivate,195,0,0.0000,100,1,0.0100,177,1,0.0056,180,1,0.0056,150,48,0.3200,171,0,0.0000
6,94593187,94593187,T,C,unknown,Intergenic,False,,UntrMetPrivate,Met5,0.000915292951,0.00115213591,5.60429655e-05,1.29541052e-05,1,1.33373333e-05,UntrMetPrivate,196,3,0.0153,149,2,0.0134,149,0,0.0000,174,0,0.0000,174,67,0.3851,176,0,0.0000
21,39848566,39848566,T,C,ERG,Intronic,False,,UntrMetShared,Met1__Met2__Met3__Met6,1,1,1,0.00107733398,0.000894710724,1,UntrMetShared,159,60,0.3774,107,33,0.3084,131,54,0.4122,112,1,0.0089,118,1,0.0085,147,42,0.2857
7,128587352,128587381,ACTCTGCAGCCGCCCACTCTGCGGCCGCCT,-,IRF5,Deletion,False,,UntrMetPrivate,Met2,0.000232129656,0.989495588,0.000138930332,0.000122117973,2.47923535e-06,8.21982135e-05,UntrMetPrivate,111,0,0.0000,138,12,0.0870,127,0,0.0000,122,0,0.0000,218,0,0.0000,133,0,0.0000
2,118989263,118989263,T,C,unknown,Intergenic,False,,UntrMetPrivate,Met2,5.86011705e-05,0.994060955,0.000202953711,6.31267128e-05,0.000130075731,2.20004383e-05,UntrMetPrivate,183,1,0.0055,114,11,0.0965,118,0,0.0000,137,0,0.0000,123,0,0.0000,164,0,0.0000
1,80566908,80566908,T,C,unknown,Intergenic,False,,UntrMetPrivate,Met2,0.00888790628,1,2.8188503e-05,4.19875049e-05,0.000100218362,0.000917509559,UntrMetPrivate,143,3,0.0210,149,27,0.1812,166,0,0.0000,186,1,0.0054,129,0,0.0000,117,1,0.0085
7,86338072,86338072,T,C,GRM3,Intronic,False,,UntrMetPrivate,Met2,0.000483745233,0.999995917,7.92593749e-06,0.000106909807,8.75565486e-06,0.00037094061,UntrMetPrivate,133,1,0.0075,185,23,0.1243,198,0,0.0000,125,0,0.0000,187,0,0.0000,99,0,0.0000
10,134503609,134503609,T,C,INPP5A,Intronic,False,,UntrMetPrivate,Met2,7.22876555e-05,1,0.000738198039,0.000606693023,1.43585616e-05,0.000172846027,UntrMetPrivate,138,0,0.0000,194,65,0.3351,127,1,0.0079,87,0,0.0000,175,0,0.0000,116,0,0.0000
8,131298828,131298828,T,C,ASAP1,Intronic,False,,UntrMetPrivate,Met2,0.000406636237,1,0.0042717728,1.66902271e-05,2.26813936e-05,1.51086362e-05,UntrMetPrivate,137,1,0.0073,159,58,0.3648,125,2,0.0160,168,0,0.0000,164,0,0.0000,173,0,0.0000
10,29194792,29194792,T,C,unknown,Intergenic,False,,UntrMetPrivate,Met2,0.000443460951,1,0.000839575675,0.000179818396,0.000260942851,0.000876930682,UntrMetPrivate,135,1,0.0074,141,39,0.2766,124,1,0.0081,152,1,0.0066,146,1,0.0068,118,1,0.0085
20,62725480,62725480,T,C,OPRL1,Intronic,False,,UntrMetPrivate,Met2,0.000345034921,1,0.0275342592,4.09222343e-05,0.000143399345,0.000214241526,UntrMetPrivate,180,2,0.0111,154,55,0.3571,157,4,0.0255,147,0,0.0000,160,1,0.0063,150,1,0.0067
8,141937288,141937288,T,C,PTK2,Intronic,False,,UntrMetPrivate,Met2,6.36590313e-05,1,4.39182841e-05,0.000500460998,4.83739996e-05,0.000206442381,UntrMetPrivate,141,0,0.0000,121,35,0.2893,155,0,0.0000,206,3,0.0146,146,0,0.0000,112,0,0.0000
21,17749210,17749210,T,C,LINC00478,NoncodingTranscript,False,,UntrMetPrivate,Met2,0.000109090286,1,0.000770494092,0.000195772905,0.0028540584,1.27950733e-05,UntrMetPrivate,168,1,0.0060,172,60,0.3488,126,1,0.0079,189,2,0.0106,130,2,0.0154,177,0,0.0000
10,71118156,71118156,T,C,HK1,Intronic,False,,UntrMetPrivate,Met2,3.88933096e-05,1,5.78412286e-05,1.00652985e-05,0.00107693787,0.0015889426,UntrMetPrivate,193,1,0.0052,91,32,0.3516,189,1,0.0053,180,0,0.0000,152,2,0.0132,181,3,0.0166
21,36456752,36456752,T,C,RUNX1,IncompleteTranscript,False,,UntrMetPrivate,Met2,3.84418864e-05,0.799781058,0.000915133146,2.6462815e-05,7.10078749e-05,0.00280027715,UntrMetPrivate,153,0,0.0000,141,8,0.0567,122,1,0.0082,197,1,0.0051,137,0,0.0000,93,1,0.0108
11,101690887,101690887,T,C,TRPC6,NoncodingTranscript,False,,UntrMetPrivate,Met2,2.6434331e-05,1,0.000164316958,4.19341439e-06,0.000361639001,0.000138647919,UntrMetPrivate,162,0,0.0000,123,46,0.3740,123,0,0.0000,201,0,0.0000,100,0,0.0000,121,0,0.0000
22,9743782,9743782,T,C,unknown,Intergenic,False,,UntrMetPrivate,Met2,5.82391951e-06,1,0.000354357088,0.00182134073,0.0001358823,3.49593552e-05,UntrMetPrivate,199,0,0.0000,111,41,0.3694,105,0,0.0000,138,2,0.0145,122,0,0.0000,153,0,0.0000
9,125785541,125785541,T,C,RABGAP1,Intronic,False,,UntrMetPrivate,Met2,2.87208558e-05,1,0.000151783575,1.00652985e-05,0.000658154862,0.00042980399,UntrMetPrivate,160,0,0.0000,172,52,0.3023,165,1,0.0061,180,0,0.0000,87,0,0.0000,134,1,0.0075
3,148471228,148471228,T,C,unknown,Intergenic,False,,UntrMetPrivate,Met2,7.86996813e-05,1,0.011063399,0.000122117973,0.00410503242,0.000180674758,UntrMetPrivate,136,0,0.0000,139,48,0.3453,141,3,0.0213,122,0,0.0000,122,2,0.0164,115,0,0.0000
9,65816737,65816737,T,C,unknown,Intergenic,False,,UntrMetPrivate,Met2,6.64110876e-05,0.934851254,0.00135419089,3.44507695e-05,0.000396083847,2.71403215e-05,UntrMetPrivate,140,0,0.0000,179,12,0.0670,113,1,0.0088,151,0,0.0000,98,0,0.0000,159,0,0.0000
9,66288146,66288146,T,C,unknown,Intergenic,False,,UntrMetPrivate,Met2,0.000277078366,1,5.53167783e-05,6.31267128e-05,0.002467467,0.00109218479,UntrMetPrivate,107,0,0.0000,125,40,0.3200,231,2,0.0087,137,0,0.0000,96,1,0.0104,76,0,0.0000
12,85994503,85994503,T,C,unknown,Intergenic,False,,UntrMetPrivate,Met2,0.000242930954,1,0.000258485143,0.00166417393,0.000385563911,0.00156501249,UntrMetPrivate,149,1,0.0067,114,41,0.3596,152,1,0.0066,140,2,0.0143,137,1,0.0073,143,2,0.0140
3,26106264,26106264,T,C,unknown,Intergenic,False,,UntrMetPrivate,Met2,5.15534157e-05,1,0.000157551247,0.000116645107,7.43108582e-06,3.49593552e-05,UntrMetPrivate,146,0,0.0000,175,59,0.3371,124,0,0.0000,162,1,0.0062,191,0,0.0000,153,0,0.0000
9,69131381,69131381,T,C,PGM5P2,NoncodingTranscript,False,,UntrMetPrivate,Met2,4.17955398e-05,1,0.00113674193,0.000496612089,3.92354136e-05,4.32175109e-05,UntrMetPrivate,151,0,0.0000,130,32,0.2462,117,1,0.0085,129,1,0.0078,191,1,0.0052,148,0,0.0000
9,96439005,96439004,-,CCTGCCTCCACCACA,PHF2,Insertion,False,,UntrMetPrivate,Met2,5.37698564e-05,0.817065281,0.000285552908,0.000855741696,3.30719503e-05,0.000282532248,UntrMetPrivate,145,0,0.0000,118,7,0.0593,110,0,0.0000,117,1,0.0085,155,0,0.0000,105,0,0.0000
3,99757179,99757179,T,C,"CMSS1,FILIP1L",Intronic,False,,UntrMetPrivate,Met2,0.000106136258,1,5.78412286e-05,0.000172335298,7.43108582e-06,0.00149724227,UntrMetPrivate,129,0,0.0000,174,41,0.2356,189,1,0.0053,192,2,0.0104,191,0,0.0000,144,2,0.0139
14,101714125,101714125,T,C,unknown,Intergenic,False,,UntrMetPrivate,Met2,5.60840762e-05,1,0.001765792,0.0107746035,7.26862812e-05,2.96639167e-05,UntrMetPrivate,144,0,0.0000,179,68,0.3799,107,1,0.0093,173,4,0.0231,216,2,0.0093,197,1,0.0051
4,48083440,48083440,T,C,TXK,Intronic,False,,UntrMetPrivate,Met2,8.21221242e-05,1,0.000345484428,7.85478821e-05,0.000169206069,5.82611302e-05,UntrMetPrivate,135,0,0.0000,168,45,0.2679,145,1,0.0069,132,0,0.0000,117,0,0.0000,141,0,0.0000
4,62358074,62358074,T,C,LPHN3,Intronic,False,,UntrMetPrivate,Met2,1.67903994e-05,0.877281716,0.000707307585,9.78680119e-05,0.00116524058,0.000106643091,UntrMetPrivate,173,0,0.0000,107,7,0.0654,128,1,0.0078,127,0,0.0000,75,0,0.0000,127,0,0.0000
14,74786889,74786889,T,C,VRTN,IncompleteTranscript,False,,UntrMetPrivate,Met2,0.000406636237,1,6.33433396e-05,0.000362206898,0.000177387444,0.000111394546,UntrMetPrivate,137,1,0.0073,162,54,0.3333,146,0,0.0000,98,0,0.0000,155,1,0.0065,126,0,0.0000
15,107086854,107086854,T,C,unknown,Intergenic,False,,UntrMetPrivate,Met2,9.21618686e-05,1,0.000600333579,0.000379394471,0.00272831354,5.3851361e-06,UntrMetPrivate,212,2,0.0094,193,34,0.1762,93,0,0.0000,97,0,0.0000,131,2,0.0153,198,0,0.0000
15,84070515,84070515,T,C,RP11-382A20.4,NoncodingTranscript,False,,UntrMetPrivate,Met2,9.74171418e-05,1,0.000171508089,0.000209135053,0.00169608062,1.04015625e-05,UntrMetPrivate,131,0,0.0000,143,49,0.3427,162,1,0.0062,110,0,0.0000,104,1,0.0096,182,0,0.0000
15,84861190,84861190,T,C,CSPG4P11,NoncodingTranscript,False,,UntrMetPrivate,Met2,1.2098587e-05,1,0.00633668946,6.88833608e-05,3.59779747e-05,4.91063209e-05,UntrMetPrivate,181,0,0.0000,148,28,0.1892,154,3,0.0195,135,0,0.0000,153,0,0.0000,145,0,0.0000
15,94670091,94670091,T,C,unknown,Intergenic,False,,UntrMetPrivate,Met2,8.21221242e-05,1,2.60168388e-05,0.000622150293,0.000263769704,8.40140107e-05,UntrMetPrivate,135,0,0.0000,116,34,0.2931,168,0,0.0000,124,1,0.0081,107,0,0.0000,172,1,0.0058
5,83944473,83944473,T,C,unknown,Intergenic,False,,UntrMetPrivate,Met2,0.00589011953,0.988253538,0.000375525075,0.00526056874,3.17100299e-05,7.7924417e-06,UntrMetPrivate,115,2,0.0174,140,12,0.0857,143,1,0.0070,115,2,0.0174,156,0,0.0000,189,0,0.0000
16,35639976,35639976,T,C,unknown,Intergenic,False,,UntrMetPrivate,Met2,1.42494014e-05,1,0.000482924842,0.000746096627,0.000126287163,0.000144878845,UntrMetPrivate,177,0,0.0000,156,66,0.4231,137,1,0.0073,120,1,0.0083,163,1,0.0061,120,0,0.0000
6,38151694,38151694,T,C,BTBD9,Intronic,False,,UntrMetPrivate,Met2,0.00015654839,0.984769496,0.000408271382,0.000504237986,0.000524175101,1.96663796e-05,UntrMetPrivate,120,0,0.0000,114,10,0.0877,141,1,0.0071,167,2,0.0120,130,1,0.0077,207,1,0.0048
6,55720530,55720530,T,C,BMP5,Intronic,False,,UntrMetPrivate,Met2,0.000896192336,1,6.08073035e-05,0.00361871176,5.98434723e-05,0.000390563522,UntrMetPrivate,119,1,0.0084,135,47,0.3481,147,0,0.0000,123,2,0.0163,141,0,0.0000,175,2,0.0114
6,72528455,72528455,T,C,unknown,Intergenic,False,,UntrMetPrivate,Met2,0.000128943092,1,0.000482924842,0.000127669699,1.12068255e-05,9.94471989e-05,UntrMetPrivate,164,1,0.0061,182,50,0.2747,137,1,0.0073,121,0,0.0000,181,0,0.0000,168,1,0.0060
18,8272293,8272293,T,C,PTPRM,Intronic,False,,UntrMetPrivate,Met2,0.000180522953,1,3.58821207e-05,0.000282448931,9.59755085e-05,0.000329522866,UntrMetPrivate,156,1,0.0064,98,39,0.3980,160,0,0.0000,259,4,0.0154,130,0,0.0000,179,2,0.0112
7,104832082,104832082,T,C,SRPK2,Intronic,False,,UntrMetPrivate,Met2,2.99388658e-05,1,0.000211751046,0.00145423532,8.64547008e-05,4.14194684e-05,UntrMetPrivate,159,0,0.0000,195,58,0.2974,117,0,0.0000,143,2,0.0140,172,1,0.0058,149,0,0.0000
5,76613665,76613665,T,C,PDE8B,Intronic,False,,UntrMetShared,Met1__Met3__Met6,1,0.000429484417,1,0.000138614914,2.5711357e-05,1,UntrMetShared,125,41,0.3280,95,0,0.0000,147,51,0.3469,158,1,0.0063,161,0,0.0000,171,62,0.3626
1,34041581,34041581,T,C,CSMD2,Intronic,False,,UntrMetShared,Met1__Met3__Met6,1,2.46168592e-05,1,1.81659798e-05,0.00103104,1,UntrMetShared,144,40,0.2778,200,1,0.0050,219,74,0.3379,166,0,0.0000,153,2,0.0131,100,42,0.4200
11,126358756,126358756,T,C,KIRREL3,Intronic,False,,UntrMetShared,Met1__Met3__Met6,1,3.47289285e-06,1,6.88833608e-05,0.000126287163,1,UntrMetShared,203,77,0.3793,207,0,0.0000,151,58,0.3841,135,0,0.0000,163,1,0.0061,162,66,0.4074
15,104015905,104015905,T,C,unknown,Intergenic,False,,UntrMetShared,Met1__Met3__Met6,1,0.00540234721,1,6.31267128e-05,6.45269473e-05,1,UntrMetShared,158,60,0.3797,115,2,0.0174,123,57,0.4634,137,0,0.0000,179,1,0.0056,116,45,0.3879
7,108216904,108216904,T,C,unknown,Intergenic,False,,UntrMetPrivate,Met6,0.000753192702,0.00491957213,6.87461675e-05,0.000166931908,0.00786800368,1,UntrMetPrivate,85,0,0.0000,117,2,0.0171,144,0,0.0000,115,0,0.0000,108,2,0.0185,158,51,0.3228
1,219831615,219831615,T,C,unknown,Intergenic,False,,UntrMetPrivate,Met6,6.64110876e-05,0.000165525868,0.00172504857,0.000526373154,3.61296671e-05,0.992207445,UntrMetPrivate,140,0,0.0000,116,0,0.0000,146,2,0.0137,90,0,0.0000,193,1,0.0052,90,9,0.1000
7,56441227,56441227,T,C,unknown,Intergenic,False,,UntrMetPrivate,Met6,0.000657227792,0.000289451238,0.000151073304,8.77570132e-05,4.63648817e-05,1,UntrMetPrivate,126,1,0.0079,142,1,0.0070,125,0,0.0000,208,2,0.0096,147,0,0.0000,121,42,0.3471
20,8890585,8890585,T,C,PLCB1,NoncodingTranscript,False,,UntrMetPrivate,Met6,0.000571838145,0.000243037381,0.000421797498,3.70066905e-05,6.57260977e-06,1,UntrMetPrivate,168,2,0.0119,146,1,0.0068,101,0,0.0000,189,1,0.0053,194,0,0.0000,130,44,0.3385
10,52545046,52545046,T,C,ASAH2B,NoncodingTranscript,False,,UntrMetPrivate,Met6,0.000115661808,0.002357307,4.38167646e-05,3.44507695e-05,2.08660914e-05,0.999910686,UntrMetPrivate,127,0,0.0000,133,2,0.0150,196,1,0.0051,151,0,0.0000,166,0,0.0000,94,13,0.1383
8,494659,494664,GGCGGC,-,TDRP,Deletion,False,,UntrMetPrivate,Met6,0.000185012799,0.000562349794,1.12934518e-05,3.91959985e-05,0.00146329298,1,UntrMetPrivate,195,2,0.0103,127,1,0.0079,189,0,0.0000,148,0,0.0000,145,2,0.0138,150,56,0.3733
8,73748724,73748724,T,C,KCNB2,Intronic,False,,UntrMetPrivate,Met6,6.36590313e-05,5.07978028e-05,0.00108179615,0.000622150293,5.98434723e-05,1,UntrMetPrivate,141,0,0.0000,143,0,0.0000,80,0,0.0000,124,1,0.0081,141,0,0.0000,129,48,0.3721
21,9129285,9129285,T,C,unknown,Intergenic,False,,UntrMetPrivate,Met6,1.41347975e-05,1.62842272e-05,0.00187808002,6.88833608e-05,0.00284580121,0.881264172,UntrMetPrivate,218,1,0.0046,210,1,0.0048,144,2,0.0139,135,0,0.0000,93,1,0.0108,181,11,0.0608
11,124775608,124775608,T,C,unknown,Intergenic,False,,UntrMetPrivate,Met6,8.49953388e-05,0.000277053085,0.000220944819,2.78064902e-05,7.41194678e-05,1,UntrMetPrivate,174,1,0.0057,143,1,0.0070,116,0,0.0000,156,0,0.0000,136,0,0.0000,163,59,0.3620
8,86057224,86057224,T,C,LRRCC1,Intronic,False,,UntrMetPrivate,Met6,2.92447513e-05,0.000195581179,5.83753121e-05,0.00019106222,0.000310204583,0.803641633,UntrMetPrivate,200,1,0.0050,151,1,0.0066,148,0,0.0000,112,0,0.0000,142,1,0.0070,100,6,0.0600
11,19141531,19141531,T,C,ZDHHC13,Intronic,False,,UntrMetPrivate,Met6,0.000372962697,4.46534639e-05,2.04708184e-05,2.6462815e-05,0.000475122488,1,UntrMetPrivate,139,1,0.0072,146,0,0.0000,174,0,0.0000,197,1,0.0051,171,2,0.0117,88,33,0.3750
13,42427865,42427865,T,C,VWA8,Intronic,False,,UntrMetPrivate,Met6,7.54236832e-05,8.98278139e-06,0.000136753764,0.000938054569,8.75565486e-06,1,UntrMetPrivate,137,0,0.0000,184,0,0.0000,208,2,0.0096,115,1,0.0087,187,0,0.0000,109,45,0.4128
4,124668475,124668475,T,C,LINC01091,NoncodingTranscript,False,,UntrMetPrivate,Met6,9.62750651e-05,0.000673072859,2.40156031e-05,4.6582824e-05,0.000154963295,1,UntrMetPrivate,171,1,0.0058,123,1,0.0081,170,0,0.0000,144,0,0.0000,119,0,0.0000,160,52,0.3250
4,152073045,152073045,T,C,SH3D19,Intronic,False,,UntrMetPrivate,Met6,1.7494839e-05,1.90830177e-05,0.000375525075,0.000262517318,9.59755085e-05,0.934856696,UntrMetPrivate,172,0,0.0000,166,0,0.0000,143,1,0.0070,105,0,0.0000,130,0,0.0000,145,10,0.0690
4,16368941,16368941,T,C,ZEB2P1,NoncodingTranscript,False,,UntrMetPrivate,Met6,0.000414681016,8.92561398e-05,5.83753121e-05,0.000255133316,0.00429754091,1,UntrMetPrivate,98,0,0.0000,130,0,0.0000,148,0,0.0000,144,1,0.0069,121,2,0.0165,130,41,0.3154
4,164970406,164970406,T,C,MARCH1,Intronic,False,,UntrMetPrivate,Met6,0.000113739667,1.20274242e-05,8.79768021e-05,0.00103465457,0.000169206069,1,UntrMetPrivate,167,1,0.0060,177,0,0.0000,138,0,0.0000,189,3,0.0159,117,0,0.0000,135,51,0.3778
4,178969186,178969186,T,C,unknown,Intergenic,False,,UntrMetPrivate,Met6,0.00176739521,0.000121364194,0.00195980696,4.025558e-05,1.76667546e-05,1,UntrMetPrivate,104,1,0.0096,123,0,0.0000,143,2,0.0140,187,1,0.0053,170,0,0.0000,155,45,0.2903
14,17206690,17206690,T,C,unknown,Intergenic,False,,UntrMetPrivate,Met6,0.000134461225,7.17871057e-05,0.00019387279,3.91959985e-05,8.29067815e-05,1,UntrMetPrivate,163,1,0.0061,135,0,0.0000,159,1,0.0063,148,0,0.0000,173,1,0.0058,138,52,0.3768
14,7215152,7215152,T,C,unknown,Intergenic,False,,UntrMetPrivate,Met6,0.000313976479,0.000623890602,6.01893679e-05,2.9021686e-05,4.19781661e-06,1,UntrMetPrivate,143,1,0.0070,163,2,0.0123,188,1,0.0053,155,0,0.0000,205,0,0.0000,139,45,0.3237
14,72609153,72609153,T,C,RGS6,Intronic,False,,UntrMetPrivate,Met6,9.74171418e-05,0.00927242968,7.92593749e-06,0.000111749318,0.00107693787,1,UntrMetPrivate,131,0,0.0000,140,3,0.0214,198,0,0.0000,124,0,0.0000,152,2,0.0132,118,42,0.3559
4,87858499,87858499,T,C,AFF1,Intronic,False,,UntrMetPrivate,Met6,7.54236832e-05,5.67513217e-05,3.44645377e-05,0.000304305118,6.84697637e-06,1,UntrMetPrivate,137,0,0.0000,180,1,0.0056,161,0,0.0000,140,1,0.0071,193,0,0.0000,123,42,0.3415
5,107037117,107037117,T,C,RP11-252I13.2,NoncodingTranscript,False,,UntrMetPrivate,Met6,0.000346336389,0.000247948438,6.78345813e-05,3.26260462e-05,0.0056690049,1,UntrMetPrivate,102,0,0.0000,107,0,0.0000,185,1,0.0054,192,1,0.0052,115,2,0.0174,120,46,0.3833
5,129748905,129748905,T,C,unknown,Intergenic,False,,UntrMetPrivate,Met6,0.000203435107,0.000157592118,0.00022065406,0.00943678297,1.4965578e-05,1,UntrMetPrivate,114,0,0.0000,156,1,0.0064,196,2,0.0102,139,3,0.0216,174,0,0.0000,133,42,0.3158
15,35237814,35237814,T,C,AQR,Intronic,False,,UntrMetPrivate,Met6,0.000159068501,0.000216553278,0.00147886778,0.000855741696,8.64547008e-05,0.860779991,UntrMetPrivate,159,1,0.0063,110,0,0.0000,111,1,0.0090,117,1,0.0085,172,1,0.0058,130,8,0.0615
5,20454817,20454817,T,C,CDH18,Intronic,False,,UntrMetPrivate,Met6,0.000222124661,0.000189265536,0.000345484428,8.5755948e-05,2.08660914e-05,0.999727271,UntrMetPrivate,112,0,0.0000,113,0,0.0000,145,1,0.0069,130,0,0.0000,166,0,0.0000,117,14,0.1197
15,78841206,78841206,T,C,PSMA4,Substitution,False,,UntrMetPrivate,Met6,1.7494839e-05,2.82904358e-06,0.00253416072,9.01610907e-05,0.000165958755,1,UntrMetPrivate,172,0,0.0000,212,0,0.0000,137,2,0.0146,168,1,0.0060,196,2,0.0102,136,37,0.2721
6,119957316,119957316,T,C,unknown,Intergenic,False,,UntrMetPrivate,Met6,0.000188317002,0.00115213591,0.000331405472,8.38092563e-06,0.00272831354,0.706534332,UntrMetPrivate,155,1,0.0065,149,2,0.0134,146,1,0.0068,265,2,0.0075,131,2,0.0153,135,7,0.0519
6,136591658,136591658,T,C,BCLAF1,Intronic,False,,UntrMetPrivate,Met6,0.0024943622,0.000883437104,4.21754114e-05,0.000199886871,8.75565486e-06,0.815503336,UntrMetPrivate,134,2,0.0149,117,1,0.0085,156,0,0.0000,111,0,0.0000,187,0,0.0000,139,8,0.0576
17,37775832,37775832,T,C,unknown,Intergenic,False,,UntrMetPrivate,Met6,0.000227517336,5.07978028e-05,7.86927359e-05,0.000145942465,0.000193161783,1,UntrMetPrivate,190,2,0.0105,143,0,0.0000,222,2,0.0090,118,0,0.0000,114,0,0.0000,212,63,0.2972
6,64551723,64551723,T,C,EYS,Intronic,False,,UntrMetPrivate,Met6,0.00562502799,4.23046105e-05,4.05032433e-05,0.000151147614,1.55987283e-05,1,UntrMetPrivate,116,2,0.0172,187,1,0.0053,157,0,0.0000,156,1,0.0064,173,0,0.0000,126,48,0.3810
17,89582004,89582004,T,C,unknown,Intergenic,False,,UntrMetPrivate,Met6,0.00107189371,7.83093627e-05,2.8188503e-05,6.0246432e-05,0.000193204822,1,UntrMetPrivate,115,1,0.0087,133,0,0.0000,166,0,0.0000,217,2,0.0092,153,1,0.0065,135,54,0.4000
18,61348540,61348540,T,C,SERPINB11,NoncodingTranscript,False,,UntrMetPrivate,Met6,0.00017305973,1.82958643e-05,9.64668568e-06,0.00606277126,0.000547832796,0.886315375,UntrMetPrivate,157,1,0.0064,167,0,0.0000,193,0,0.0000,112,2,0.0179,129,1,0.0078,161,10,0.0621
6,80961014,80961014,T,C,BCKDHB,Intronic,False,,UntrMetPrivate,Met6,0.000232129656,2.67633149e-05,0.000343612448,0.000746096627,0.00298583913,0.796284866,UntrMetPrivate,111,0,0.0000,158,0,0.0000,185,2,0.0108,120,1,0.0083,129,2,0.0155,101,6,0.0594
11,102465849,102465849,T,C,MMP20,Intronic,False,,UntrMetShared,Met1__Met3,1,0.00652271113,1,1.00652985e-05,6.51807874e-05,0.00120111051,UntrMetShared,189,71,0.3757,111,2,0.0180,122,41,0.3361,180,0,0.0000,139,0,0.0000,149,2,0.0134
22,33585553,33585553,T,C,LARGE,NoncodingTranscript,False,,UntrMetShared,Met1__Met3,1,0.000275657624,1,0.000106909807,0.00235350369,7.53980644e-05,UntrMetShared,152,56,0.3684,182,2,0.0110,120,42,0.3500,125,0,0.0000,97,1,0.0103,135,0,0.0000
4,169393127,169393127,T,C,DDX60L,Intronic,False,,UntrMetShared,Met1__Met3,1,0.00037374755,1,7.19611755e-05,8.07700064e-05,4.91063209e-05,UntrMetShared,164,59,0.3598,214,3,0.0140,144,60,0.4167,134,0,0.0000,134,0,0.0000,145,0,0.0000
16,65466044,65466044,T,C,"LINC00922,RP11-256I9.3",NoncodingTranscript,False,,UntrMetShared,Met1__Met3,1,0.000517422534,1,0.000111749318,0.000495808857,0.000266706759,UntrMetShared,164,58,0.3537,91,0,0.0000,172,55,0.3198,124,0,0.0000,170,2,0.0118,184,2,0.0109
4,4942269,4942269,T,C,unknown,Intergenic,False,,UntrMetShared,Met1__Met3,1,3.6184957e-06,1,0.000684502346,8.80356464e-05,0.0398200878,UntrMetShared,131,45,0.3435,206,0,0.0000,172,69,0.4012,160,2,0.0125,132,0,0.0000,109,3,0.0275
6,39222551,39222551,T,C,unknown,Intergenic,False,,UntrMetShared,Met1__Met3,1,5.30331613e-05,1,0.000204944739,5.73450784e-05,3.96978988e-05,UntrMetShared,215,91,0.4233,142,0,0.0000,156,54,0.3462,149,1,0.0067,142,0,0.0000,150,0,0.0000
1,122519836,122519836,T,C,unknown,Intergenic,False,,UntrMetPrivate,Met1,1,0.000116131078,9.72848852e-05,9.78680119e-05,0.000104654678,0.000196580555,UntrMetPrivate,123,32,0.2602,124,0,0.0000,176,1,0.0057,127,0,0.0000,128,0,0.0000,152,1,0.0066
1,154842200,154842199,-,GCTGCTGCTGCT,KCNN3,Insertion,False,,UntrMetPrivate,Met1,0.999958536,3.45447665e-05,0.00113297392,1.04968421e-05,1.76667546e-05,8.58317178e-05,UntrMetPrivate,112,15,0.1339,152,0,0.0000,79,0,0.0000,179,0,0.0000,170,0,0.0000,132,0,0.0000
2,138160424,138160424,T,C,THSD7B,Intronic,False,,UntrMetPrivate,Met1,1,0.000171785905,0.000997808535,0.000681202449,0.000124525012,7.8722696e-05,UntrMetPrivate,173,64,0.3699,154,1,0.0065,120,1,0.0083,122,1,0.0082,124,0,0.0000,134,0,0.0000
7,42746466,42746466,T,C,unknown,Intergenic,False,,UntrMetPrivate,Met1,0.999785302,6.30321671e-05,9.34510449e-05,2.34425049e-05,5.98434723e-05,0.000145694191,UntrMetPrivate,197,20,0.1015,138,0,0.0000,177,1,0.0056,160,0,0.0000,141,0,0.0000,159,1,0.0063
1,36319099,36319099,G,A,AGO4,Substitution,False,,UntrMetPrivate,Met1,0.851426199,0.000111822082,4.39182841e-05,8.2771445e-05,1.84164831e-05,2.60223933e-05,UntrMetPrivate,172,10,0.0581,164,1,0.0061,155,0,0.0000,170,1,0.0059,169,0,0.0000,160,0,0.0000
2,35555682,35555682,T,C,unknown,Intergenic,False,,UntrMetPrivate,Met1,1,0.000111822082,0.000138930332,1.89530391e-05,0.000715058813,0.000585798482,UntrMetPrivate,152,54,0.3553,164,1,0.0061,127,0,0.0000,165,0,0.0000,123,1,0.0081,127,1,0.0079
10,117420963,117420963,T,C,ATRNL1,Intronic,False,,UntrMetPrivate,Met1,1,0.00106087069,4.96026396e-05,0.000174603493,0.00147643428,4.91063209e-05,UntrMetPrivate,183,67,0.3661,113,1,0.0088,152,0,0.0000,114,0,0.0000,107,1,0.0093,145,0,0.0000
20,37265605,37265605,T,C,ARHGAP40,Intronic,False,,UntrMetPrivate,Met1,0.975323072,8.92561398e-05,8.10176753e-05,0.00015960873,8.07700064e-05,5.12469653e-05,UntrMetPrivate,141,11,0.0780,130,0,0.0000,140,0,0.0000,116,0,0.0000,134,0,0.0000,144,0,0.0000
7,91740764,91740764,T,C,unknown,Intergenic,False,,UntrMetPrivate,Met1,1,2.56521615e-05,6.87461675e-05,6.04359402e-05,0.00219596702,5.34833333e-05,UntrMetPrivate,94,32,0.3404,159,0,0.0000,144,0,0.0000,138,0,0.0000,174,3,0.0172,143,0,0.0000
21,13004626,13004626,T,C,unknown,Intergenic,False,,UntrMetPrivate,Met1,1,0.00255618169,0.00039154467,4.461194e-05,0.000625676025,5.58198443e-05,UntrMetPrivate,135,32,0.2370,169,3,0.0178,142,1,0.0070,145,0,0.0000,126,1,0.0079,142,0,0.0000
21,20627801,20627801,T,C,unknown,Intergenic,False,,UntrMetPrivate,Met1,1,1.25409648e-05,0.000370083583,0.000817441616,0.000935964338,4.38928583e-06,UntrMetPrivate,147,46,0.3129,176,0,0.0000,104,0,0.0000,118,1,0.0085,117,1,0.0085,203,0,0.0000
8,66393281,66393281,T,C,unknown,Intergenic,False,,UntrMetPrivate,Met1,1,3.60508813e-05,0.00358473121,9.78680119e-05,0.000297054163,0.000106643091,UntrMetPrivate,106,40,0.3774,151,0,0.0000,129,2,0.0155,127,0,0.0000,143,1,0.0070,127,0,0.0000
22,47013781,47013781,T,C,GRAMD4,IncompleteTranscript,False,,UntrMetPrivate,Met1,1,1.68192872e-05,0.000495420115,1.04968421e-05,0.00117516228,0.000197454329,UntrMetPrivate,132,39,0.2955,169,0,0.0000,176,2,0.0114,179,0,0.0000,150,2,0.0133,113,0,0.0000
9,109627336,109627336,T,C,ZNF462,Intronic,False,,UntrMetPrivate,Met1,1,8.26609005e-06,7.46232238e-05,0.00361871176,0.00439536646,0.0001905243,UntrMetPrivate,166,55,0.3313,186,0,0.0000,142,0,0.0000,123,2,0.0163,158,3,0.0190,192,2,0.0104
11,72556020,72556020,T,C,FCHSD2,Intronic,False,,UntrMetPrivate,Met1,1,0.000297343626,9.16841199e-05,7.50821884e-06,8.4035549e-06,0.00030288665,UntrMetPrivate,164,61,0.3720,103,0,0.0000,137,0,0.0000,187,0,0.0000,188,0,0.0000,142,1,0.0070
11,77273505,77273505,T,C,CLNS1A,NoncodingTranscript,False,,UntrMetPrivate,Met1,0.965829265,0.000144598611,0.000707307585,1.19077457e-05,5.93723138e-05,0.000133799396,UntrMetPrivate,115,9,0.0783,158,1,0.0063,128,1,0.0078,176,0,0.0000,181,1,0.0055,161,1,0.0062
3,11488261,11488261,T,C,ATG7,Intronic,False,,UntrMetPrivate,Met1,1,0.000430393919,0.00118743011,8.2771445e-05,0.000185122751,0.00163595906,UntrMetPrivate,197,70,0.3553,133,1,0.0075,116,1,0.0086,170,1,0.0059,154,1,0.0065,142,2,0.0141
9,125034217,125034217,T,C,MRRF,Intronic,False,,UntrMetPrivate,Met1,1,0.0210493513,0.00016465661,5.07965528e-05,0.00249379047,9.18916994e-06,UntrMetPrivate,86,32,0.3721,87,2,0.0230,163,1,0.0061,142,0,0.0000,133,2,0.0150,185,0,0.0000
9,126200155,126200155,T,C,DENND1A,Intronic,False,,UntrMetPrivate,Met1,1,0.000126840998,0.00124048824,7.51804378e-05,0.000161922706,4.32175109e-05,UntrMetPrivate,206,69,0.3350,122,0,0.0000,115,1,0.0087,133,0,0.0000,118,0,0.0000,148,0,0.0000
12,104869701,104869701,T,C,CHST11,Intronic,False,,UntrMetPrivate,Met1,1,5.30331613e-05,0.000345484428,5.78627077e-05,6.51807874e-05,4.50955268e-05,UntrMetPrivate,137,30,0.2190,142,0,0.0000,145,1,0.0069,139,0,0.0000,139,0,0.0000,147,0,0.0000
12,130217451,130217451,T,C,TMEM132D,Intronic,False,,UntrMetPrivate,Met1,1,1.36359766e-05,0.000408271382,8.20705781e-05,0.000169983559,0.000165605219,UntrMetPrivate,86,33,0.3837,174,0,0.0000,141,1,0.0071,131,0,0.0000,156,1,0.0064,156,1,0.0064
9,38394256,38394256,T,C,ALDH1B1,Intronic,False,,UntrMetPrivate,Met1,0.999997027,0.000189265536,0.000138930332,0.000278604361,6.51807874e-05,0.000323601175,UntrMetPrivate,113,17,0.1504,113,0,0.0000,127,0,0.0000,142,1,0.0070,139,0,0.0000,102,0,0.0000
9,56984013,56984013,T,C,unknown,Intergenic,False,,UntrMetPrivate,Met1,0.998414672,0.0019441615,0.000918990832,2.66431946e-05,5.04723867e-05,1.22752181e-05,UntrMetPrivate,126,13,0.1032,100,1,0.0100,161,2,0.0124,157,0,0.0000,145,0,0.0000,178,0,0.0000
9,7162884,7162884,T,C,KDM4C,Intronic,False,,UntrMetPrivate,Met1,1,2.35689195e-05,6.08073035e-05,2.24650987e-05,0.00147643428,1.86103329e-05,UntrMetPrivate,119,43,0.3613,161,0,0.0000,147,0,0.0000,161,0,0.0000,107,1,0.0093,168,0,0.0000
3,31485852,31485852,T,C,unknown,Intergenic,False,,UntrMetPrivate,Met1,1,2.79236372e-05,0.000317917692,1.29541052e-05,0.000402778068,6.88790436e-06,UntrMetPrivate,164,60,0.3659,157,0,0.0000,147,1,0.0068,174,0,0.0000,136,1,0.0074,192,0,0.0000
3,36795661,36795661,T,C,unknown,Intergenic,False,,UntrMetPrivate,Met1,1,0.00401277777,4.39182841e-05,6.88833608e-05,0.0445385316,0.000411316993,UntrMetPrivate,225,80,0.3556,85,1,0.0118,155,0,0.0000,135,0,0.0000,178,5,0.0281,135,1,0.0074
13,132261687,132261687,T,C,unknown,Intergenic,False,,UntrMetPrivate,Met1,1,0.00150387608,0.00179988008,0.000151147614,0.00313188507,0.000290000463,UntrMetPrivate,168,29,0.1726,143,2,0.0140,145,2,0.0138,156,1,0.0064,91,1,0.0110,143,1,0.0070
3,69358696,69358696,T,C,FRMD4B,Intronic,False,,UntrMetPrivate,Met1,0.698333653,0.000411730528,0.000103801305,0.000250807477,0.000396083847,0.000345204945,UntrMetPrivate,160,8,0.0500,134,1,0.0075,134,0,0.0000,106,0,0.0000,98,0,0.0000,139,1,0.0072
3,72196138,72196138,T,C,LINC00877,NoncodingTranscript,False,,UntrMetPrivate,Met1,1,0.000755210353,0.00104203453,0.0014247145,0.00298583913,8.81776856e-06,UntrMetPrivate,139,52,0.3741,83,0,0.0000,119,1,0.0084,106,1,0.0094,129,2,0.0155,186,0,0.0000
13,39804887,39804887,T,C,unknown,Intergenic,False,,UntrMetPrivate,Met1,1,1.54638723e-05,0.000443977989,0.000474827527,1.07544359e-05,9.36028563e-05,UntrMetPrivate,157,47,0.2994,171,0,0.0000,139,1,0.0072,130,1,0.0077,182,0,0.0000,130,0,0.0000
13,86750621,86750621,T,C,unknown,Intergenic,False,,UntrMetPrivate,Met1,0.931384146,9.83929072e-05,0.0014150897,0.000116645107,0.000263769704,0.00015822446,UntrMetPrivate,148,10,0.0676,167,1,0.0060,112,1,0.0089,162,1,0.0062,107,0,0.0000,118,0,0.0000
4,157199218,157199218,T,C,unknown,Intergenic,False,,UntrMetPrivate,Met1,0.999980148,0.000449885436,0.000164316958,0.000636257551,0.000249936666,0.00893431236,UntrMetPrivate,180,21,0.1167,94,0,0.0000,123,0,0.0000,86,0,0.0000,147,1,0.0068,105,2,0.0190
14,109293754,109293754,T,C,unknown,Intergenic,False,,UntrMetPrivate,Met1,0.831409826,0.000287653714,0.000955538397,0.000266603072,4.44411263e-05,6.61068235e-06,UntrMetPrivate,216,12,0.0556,181,2,0.0110,121,1,0.0083,143,1,0.0070,148,0,0.0000,193,0,0.0000
14,13505332,13505332,T,C,unknown,Intergenic,False,,UntrMetPrivate,Met1,1,3.45447665e-05,0.000171383806,1.59987233e-05,0.000188047721,0.000145694191,UntrMetPrivate,151,48,0.3179,152,0,0.0000,122,0,0.0000,169,0,0.0000,193,2,0.0104,159,1,0.0063
14,58702192,58702192,T,C,C14orf37,NoncodingTranscript,False,,UntrMetPrivate,Met1,1,0.00309821751,0.000354357088,8.20705781e-05,1.21705131e-05,0.000236043901,UntrMetPrivate,134,45,0.3358,127,2,0.0157,105,0,0.0000,131,0,0.0000,179,0,0.0000,109,0,0.0000
16,16180644,16180644,T,C,ABCC1,Intronic,False,,UntrMetPrivate,Met1,1,0.000315992016,1.89031966e-05,8.20705781e-05,0.000338336819,0.00442196779,UntrMetPrivate,179,66,0.3687,140,1,0.0071,176,0,0.0000,131,0,0.0000,140,1,0.0071,120,2,0.0167
16,53835028,53835028,T,C,FTO,Intronic,False,,UntrMetPrivate,Met1,1,0.00372362881,0.00147886778,0.000332456049,4.83739996e-05,0.000196580555,UntrMetPrivate,120,43,0.3583,123,2,0.0163,111,1,0.0090,138,1,0.0072,146,0,0.0000,152,1,0.0066
16,53875178,53875178,T,C,FTO,Intronic,False,,UntrMetPrivate,Met1,1,0.00225295927,2.40156031e-05,0.000852844579,0.000298178357,9.78808067e-05,UntrMetPrivate,127,47,0.3701,134,2,0.0149,170,0,0.0000,155,2,0.0129,182,2,0.0110,208,2,0.0096
6,154149175,154149175,T,C,unknown,Intergenic,False,,UntrMetPrivate,Met1,0.943486547,7.83093627e-05,0.000228440665,3.59634859e-05,5.26641361e-05,7.72383796e-05,UntrMetPrivate,143,10,0.0699,133,0,0.0000,155,1,0.0065,150,0,0.0000,144,0,0.0000,174,1,0.0057
17,50607409,50607409,T,C,RP11-429O1.1,NoncodingTranscript,False,,UntrMetPrivate,Met1,0.99996329,0.000121804328,0.000202953711,0.000157843902,1.75795365e-06,9.36028563e-05,UntrMetPrivate,148,18,0.1216,162,1,0.0062,118,0,0.0000,155,1,0.0065,268,1,0.0037,130,0,0.0000
18,11848609,11848609,T,C,GNAL,Intronic,False,,UntrMetPrivate,Met1,1,2.82904358e-06,4.21754114e-05,0.00250360294,0.000116054489,8.12002691e-06,UntrMetPrivate,145,53,0.3655,212,0,0.0000,156,0,0.0000,131,2,0.0153,165,1,0.0061,188,0,0.0000
1,109632063,109632063,T,C,RP5-1065J22.8,NoncodingTranscript,False,,UntrMetPrivate,Met3,7.20221612e-05,1.90830177e-05,1,2.24650987e-05,4.63860055e-05,9.53358743e-05,UntrMetPrivate,178,1,0.0056,166,0,0.0000,204,68,0.3333,161,0,0.0000,227,2,0.0088,169,1,0.0059
1,118030132,118030132,T,C,MAN1A2,Intronic,False,,UntrMetPrivate,Met3,0.00015251348,1.25409648e-05,1,0.000363300517,0.000272448609,3.96978988e-05,UntrMetPrivate,160,1,0.0063,176,0,0.0000,149,61,0.4094,136,1,0.0074,145,1,0.0069,150,0,0.0000
19,41371723,41371723,T,C,CTC-490E21.12,NoncodingTranscript,False,,UntrMetPrivate,Met3,2.33474221e-05,0.00153683653,1,6.31267128e-05,0.000310204583,0.00182902651,UntrMetPrivate,165,0,0.0000,105,1,0.0095,150,45,0.3000,137,0,0.0000,142,1,0.0070,102,1,0.0098
7,152427601,152427601,T,C,unknown,Intergenic,False,,UntrMetPrivate,Met3,0.010824682,8.66086343e-05,1,3.44507695e-05,0.000109293629,0.000732398608,UntrMetPrivate,102,2,0.0196,170,1,0.0059,156,63,0.4038,151,0,0.0000,127,0,0.0000,122,1,0.0082
2,208837268,208837268,T,C,PLEKHM3,Intronic,False,,UntrMetPrivate,Met3,0.0113528241,3.89101824e-05,0.998651154,0.000138614914,1.43585616e-05,3.49926124e-05,UntrMetPrivate,101,2,0.0198,189,1,0.0053,113,12,0.1062,158,1,0.0063,175,0,0.0000,193,1,0.0052
1,220809308,220809308,C,T,MARK1,Silent,False,,UntrMetPrivate,Met3,0.000937092926,0.0011631764,0.983917297,3.16174059e-05,5.04723867e-05,0.000801281154,UntrMetPrivate,118,1,0.0085,111,1,0.0090,136,11,0.0809,153,0,0.0000,145,0,0.0000,120,1,0.0083
2,215726229,215726229,T,C,AC072062.1,NoncodingTranscript,False,,UntrMetPrivate,Met3,0.000204958977,0.000360597357,1,1.14172092e-05,0.00195034217,2.48281624e-06,UntrMetPrivate,153,1,0.0065,137,1,0.0073,226,86,0.3805,177,0,0.0000,101,1,0.0099,217,0,0.0000
7,55696228,55696228,T,C,unknown,Intergenic,False,,UntrMetPrivate,Met3,0.000433882204,5.07978028e-05,1,6.41020295e-05,6.80303008e-05,9.98035726e-06,UntrMetPrivate,97,0,0.0000,143,0,0.0000,118,46,0.3898,176,1,0.0057,138,0,0.0000,183,0,0.0000
7,61086003,61086003,T,C,unknown,Intergenic,False,,UntrMetPrivate,Met3,0.000194709774,0.000289451238,1,5.16039044e-06,0.000297054163,6.34477069e-06,UntrMetPrivate,115,0,0.0000,142,1,0.0070,146,42,0.2877,196,0,0.0000,143,1,0.0070,194,0,0.0000
2,96758539,96758539,T,C,unknown,Intergenic,False,,UntrMetPrivate,Met3,0.00087575789,2.07624753e-05,1,0.000166931908,6.80303008e-05,0.000223675654,UntrMetPrivate,158,2,0.0127,164,0,0.0000,142,51,0.3592,115,0,0.0000,138,0,0.0000,149,1,0.0067
7,67622806,67622806,T,C,RP5-945F2.3,NoncodingTranscript,False,,UntrMetPrivate,Met3,6.10238861e-05,0.00105475268,1,5.30479414e-05,0.000111260498,0.000884498315,UntrMetPrivate,142,0,0.0000,151,2,0.0132,113,39,0.3451,141,0,0.0000,166,1,0.0060,156,2,0.0128
7,77013697,77013697,T,C,GSAP,Intronic,False,,UntrMetPrivate,Met3,1.61148177e-05,0.000144854873,1,0.000318059667,0.00147643428,0.00178801038,UntrMetPrivate,174,0,0.0000,119,0,0.0000,149,50,0.3356,139,1,0.0072,107,1,0.0093,140,2,0.0143
20,53935768,53935768,T,C,unknown,Intergenic,False,,UntrMetPrivate,Met3,9.23543741e-05,0.00065160384,0.999999994,4.56826145e-05,0.000126287163,0.000225715471,UntrMetPrivate,172,1,0.0058,162,2,0.0123,137,23,0.1679,184,1,0.0054,163,1,0.0061,110,0,0.0000
8,56594901,56594901,T,C,unknown,Intergenic,False,,UntrMetPrivate,Met3,3.25356286e-05,0.000243037381,1,0.000550113618,0.000109293629,5.84502141e-06,UntrMetPrivate,157,0,0.0000,146,1,0.0068,103,33,0.3204,165,2,0.0121,127,0,0.0000,196,0,0.0000
10,73156267,73156267,T,C,unknown,Intergenic,False,,UntrMetPrivate,Met3,2.87208558e-05,1.06114103e-05,1,0.000116815037,0.000402778068,0.000917509559,UntrMetPrivate,160,0,0.0000,180,0,0.0000,179,62,0.3464,123,0,0.0000,136,1,0.0074,117,1,0.0085
11,117789313,117789327,GGGCTGGAGATGCCT,-,TMPRSS13,Deletion,False,,UntrMetPrivate,Met3,0.00015251348,0.00101328567,0.999999977,0.0113465326,4.26134274e-05,4.7057183e-05,UntrMetPrivate,160,1,0.0063,114,1,0.0088,146,23,0.1575,99,2,0.0202,189,1,0.0053,146,0,0.0000
8,91171944,91171944,T,C,unknown,Intergenic,False,,UntrMetPrivate,Met3,0.000186371886,0.00121814694,0.889481685,0.0015651165,0.000249936666,0.000846862022,UntrMetPrivate,116,0,0.0000,110,1,0.0091,147,9,0.0612,104,1,0.0096,147,1,0.0068,157,2,0.0127
12,84634741,84634741,T,C,unknown,Intergenic,False,,UntrMetPrivate,Met3,0.000134461225,0.000357084186,1,1.24197252e-05,0.000119105401,3.64708556e-05,UntrMetPrivate,163,1,0.0061,99,0,0.0000,144,34,0.2361,175,0,0.0000,204,2,0.0098,192,1,0.0052
3,86486819,86486819,T,C,unknown,Intergenic,False,,UntrMetPrivate,Met3,3.04578833e-05,0.000138518968,1,0.000107031179,8.43223765e-05,0.000116364576,UntrMetPrivate,199,1,0.0050,159,1,0.0063,159,66,0.4151,164,1,0.0061,133,0,0.0000,125,0,0.0000
13,53783959,53783959,T,C,unknown,Intergenic,False,,UntrMetPrivate,Met3,0.000475135603,0.000179368323,1,0.000684502346,0.00082998631,2.0489044e-05,UntrMetPrivate,95,0,0.0000,153,1,0.0065,106,31,0.2925,160,2,0.0125,158,2,0.0127,206,1,0.0049
4,115530067,115530067,T,C,UGT8,Intronic,False,,UntrMetPrivate,Met3,4.94305003e-05,2.5659272e-05,1,0.000266603072,8.29067815e-05,0.00254509441,UntrMetPrivate,147,0,0.0000,199,1,0.0050,162,56,0.3457,143,1,0.0070,173,1,0.0058,95,1,0.0105
13,78160592,78160592,T,C,SCEL,Intronic,False,,UntrMetPrivate,Met3,6.92854213e-05,0.00058812748,0.811082241,0.000855741696,1.268354e-05,5.12469653e-05,UntrMetPrivate,139,0,0.0000,126,1,0.0079,102,6,0.0588,117,1,0.0085,178,0,0.0000,144,0,0.0000
14,101691686,101691686,T,C,unknown,Intergenic,False,,UntrMetPrivate,Met3,8.85967859e-05,0.000179368323,1,0.000111749318,4.82450391e-05,0.000681934386,UntrMetPrivate,173,1,0.0058,153,1,0.0065,100,34,0.3400,124,0,0.0000,186,1,0.0054,162,2,0.0123
4,36757642,36757642,T,C,unknown,Intergenic,False,,UntrMetPrivate,Met3,0.00012365672,0.000710888155,0.997756192,1.24197252e-05,2.08660914e-05,4.91063209e-05,UntrMetPrivate,165,1,0.0061,160,2,0.0125,164,15,0.0915,175,0,0.0000,166,0,0.0000,145,0,0.0000
4,81003827,81003827,T,C,ANTXR2,NoncodingTranscript,False,,UntrMetPrivate,Met3,7.20221612e-05,0.000180983276,0.791287237,4.09222343e-05,0.00298583913,0.00463091985,UntrMetPrivate,178,1,0.0056,114,0,0.0000,211,11,0.0521,147,0,0.0000,129,2,0.0155,119,2,0.0168
5,106499191,106499191,T,C,unknown,Intergenic,False,,UntrMetPrivate,Met3,7.22876555e-05,7.29825489e-06,1,0.000568391837,0.000143399345,4.32175109e-05,UntrMetPrivate,138,0,0.0000,189,0,0.0000,160,60,0.3750,126,1,0.0079,160,1,0.0063,148,0,0.0000
15,24250724,24250724,T,C,unknown,Intergenic,False,,UntrMetPrivate,Met3,2.53616108e-05,0.000126840998,0.935118729,0.0142572488,4.08889097e-05,1.5750841e-05,UntrMetPrivate,163,0,0.0000,122,0,0.0000,224,14,0.0625,130,3,0.0231,190,1,0.0053,172,0,0.0000
15,76872474,76872474,T,C,SCAPER,Intronic,False,,UntrMetPrivate,Met3,7.31440126e-05,6.03639017e-05,1,1.97748697e-05,0.00128643909,1.94044674e-05,UntrMetPrivate,258,3,0.0116,139,0,0.0000,229,81,0.3537,164,0,0.0000,110,1,0.0091,167,0,0.0000
15,97254850,97254850,T,C,unknown,Intergenic,False,,UntrMetPrivate,Met3,0.000896192336,9.32453735e-05,1,0.000332456049,0.000436362937,0.000560332514,UntrMetPrivate,119,1,0.0084,129,0,0.0000,133,39,0.2932,138,1,0.0072,173,2,0.0116,128,1,0.0078
16,36833347,36833347,T,C,unknown,Intergenic,False,,UntrMetPrivate,Met3,0.000109090286,2.79236372e-05,1,4.7652774e-05,3.44936975e-05,0.000316363774,UntrMetPrivate,168,1,0.0060,157,0,0.0000,225,85,0.3778,183,1,0.0055,154,0,0.0000,141,1,0.0071
6,148664243,148664242,-,GAGCCC,SASH1,ComplexSubstitution,False,,UntrMetPrivate,Met3,0.000186371886,0.00145460277,0.999999998,0.000275518256,3.44936975e-05,0.000449151284,UntrMetPrivate,116,0,0.0000,182,3,0.0165,195,29,0.1487,181,2,0.0110,154,0,0.0000,133,1,0.0075
6,23861812,23861812,T,C,unknown,Intergenic,False,,UntrMetPrivate,Met3,4.94305003e-05,5.44132447e-05,1,4.025558e-05,0.000126287163,1.94044674e-05,UntrMetPrivate,147,0,0.0000,181,1,0.0055,164,58,0.3537,187,1,0.0053,163,1,0.0061,167,0,0.0000
17,52729681,52729681,T,C,unknown,Intergenic,False,,UntrMetPrivate,Met3,0.0113108977,5.53694545e-05,1,6.31267128e-05,3.17100299e-05,0.000876930682,UntrMetPrivate,66,1,0.0152,141,0,0.0000,152,54,0.3553,137,0,0.0000,156,0,0.0000,118,1,0.0085
6,67521466,67521466,T,C,unknown,Intergenic,False,,UntrMetPrivate,Met3,0.00260777828,0.00224187082,0.75807397,5.64399212e-05,0.00449949336,4.50955268e-05,UntrMetPrivate,133,2,0.0150,97,1,0.0103,132,7,0.0530,179,1,0.0056,120,2,0.0167,147,0,0.0000
18,23308373,23308373,T,C,unknown,Intergenic,False,,UntrMetPrivate,Met3,0.00262990134,0.000393902201,0.999999998,0.000234413968,0.00169608062,0.000490596089,UntrMetPrivate,171,3,0.0175,135,1,0.0074,172,27,0.1570,224,3,0.0134,104,1,0.0096,131,1,0.0076
